pair_id,source_name,target_name,source_vertices,source_edges,target_vertices,target_edges,candidate_rho,top_k,cost,cost_options,repetition,execution_order_within_pair,prepare_seconds,solve_both_objectives_seconds,prepare_plus_solve_seconds,additive_feasible,bottleneck_feasible,additive_value,bottleneck_value,additive_mapping_hash,bottleneck_mapping_hash,enumerated_states,feasible_states,message_entries,unique_cost_requests,fingerprint
1955e5_to_1955e3,1955e5,1955e3,70,103,371,581,10.0,25,hausdorff_distance,{},4,1,0.09937940025702119,6.459457200020552,6.558836600277573,True,True,117.32333249791212,23.345235059857504,427480aa4e2c6d03011088439d810a5c4ee37ee099b1dad512aa42aaf8581f8e,af47cd8f1e90f4ba7642e18b691357aedf329bfb5786f2b6c5c3fb059f1101f0,209687,209687,30645,4508,9ea80eaa81e8f590c4d921bdba4fdc8c9797621d14537bfc523a0dbc9aedb149
1955e5_to_1955e3,1955e5,1955e3,70,103,371,581,10.0,25,relative_length_error,{},5,2,0.1008468996733427,1.5466873003169894,1.6475341999903321,True,True,3.586561682942074,0.4377682403433476,d881bc4b9ecd80314dcc83f6f92d7c48430546a05000f87b4b4990fa68bf3f84,120177c3a1ba2407b85ec2030c27d937b8add1d07cbbd40e9057b29955264b71,209687,209687,30645,4508,a09e052489547742554777966501efcee8cec23002afc668d31ec4be684fcefa
1955e5_to_1955e3,1955e5,1955e3,70,103,371,581,10.0,25,hausdorff_distance,{},3,3,0.09930519992485642,6.658763699699193,6.75806889962405,True,True,117.32333249791212,23.345235059857504,427480aa4e2c6d03011088439d810a5c4ee37ee099b1dad512aa42aaf8581f8e,af47cd8f1e90f4ba7642e18b691357aedf329bfb5786f2b6c5c3fb059f1101f0,209687,209687,30645,4508,9ea80eaa81e8f590c4d921bdba4fdc8c9797621d14537bfc523a0dbc9aedb149
1955e5_to_1955e3,1955e5,1955e3,70,103,371,581,10.0,25,mean_distance_tangent,{},3,4,0.11805880023166537,5.749844000209123,5.867902800440788,True,True,30.906025429593214,5.376119686460603,6575e61621235636a5f7541578b89df71239214776dc647ab8573d276fb676e8,360f460683a66561fde97bc2abd2cffb31f9c3e14ed28af56dc8579acd12d50f,209687,209687,30645,4508,a0e6bf4adeff4278af92f5f44eae88b0096266b1d517872bf93edc86ee6d7a61
1955e5_to_1955e3,1955e5,1955e3,70,103,371,581,10.0,25,log_length_distortion,{},4,5,0.09899469977244735,1.5573765002191067,1.656371199991554,True,True,4.176008071316579,0.47633944769482134,4161d4f4b7ad3b66bfb636ee95a93f0fa82c55954e28081eead4879d90c745cf,49281e0044e80f6bc311dcc2eaf18658eac2efd36da33039454398677d55120a,209687,209687,30645,4508,013d1628d49d8984f7446c34bf28670c72f39d63c2ee3a22fb20b68013f957eb
1955e5_to_1955e3,1955e5,1955e3,70,103,371,581,10.0,25,hausdorff_distance,{},2,6,0.09902699990198016,6.53650589985773,6.63553289975971,True,True,117.32333249791212,23.345235059857504,427480aa4e2c6d03011088439d810a5c4ee37ee099b1dad512aa42aaf8581f8e,af47cd8f1e90f4ba7642e18b691357aedf329bfb5786f2b6c5c3fb059f1101f0,209687,209687,30645,4508,9ea80eaa81e8f590c4d921bdba4fdc8c9797621d14537bfc523a0dbc9aedb149
1955e5_to_1955e3,1955e5,1955e3,70,103,371,581,10.0,25,mean_distance_tangent,{},4,7,0.14029959961771965,5.881483200006187,6.021782799623907,True,True,30.906025429593214,5.376119686460603,6575e61621235636a5f7541578b89df71239214776dc647ab8573d276fb676e8,360f460683a66561fde97bc2abd2cffb31f9c3e14ed28af56dc8579acd12d50f,209687,209687,30645,4508,a0e6bf4adeff4278af92f5f44eae88b0096266b1d517872bf93edc86ee6d7a61
1955e5_to_1955e3,1955e5,1955e3,70,103,371,581,10.0,25,relative_length_error,{},3,8,0.09821789991110563,1.5779964998364449,1.6762143997475505,True,True,3.586561682942074,0.4377682403433476,d881bc4b9ecd80314dcc83f6f92d7c48430546a05000f87b4b4990fa68bf3f84,120177c3a1ba2407b85ec2030c27d937b8add1d07cbbd40e9057b29955264b71,209687,209687,30645,4508,a09e052489547742554777966501efcee8cec23002afc668d31ec4be684fcefa
1955e5_to_1955e3,1955e5,1955e3,70,103,371,581,10.0,25,relative_length_error,{},2,9,0.09991759993135929,1.5891400999389589,1.6890576998703182,True,True,3.586561682942074,0.4377682403433476,d881bc4b9ecd80314dcc83f6f92d7c48430546a05000f87b4b4990fa68bf3f84,120177c3a1ba2407b85ec2030c27d937b8add1d07cbbd40e9057b29955264b71,209687,209687,30645,4508,a09e052489547742554777966501efcee8cec23002afc668d31ec4be684fcefa
1955e5_to_1955e3,1955e5,1955e3,70,103,371,581,10.0,25,log_length_distortion,{},5,10,0.10707579972222447,1.7136929002590477,1.8207686999812722,True,True,4.176008071316579,0.47633944769482134,4161d4f4b7ad3b66bfb636ee95a93f0fa82c55954e28081eead4879d90c745cf,49281e0044e80f6bc311dcc2eaf18658eac2efd36da33039454398677d55120a,209687,209687,30645,4508,013d1628d49d8984f7446c34bf28670c72f39d63c2ee3a22fb20b68013f957eb
1955e5_to_1955e3,1955e5,1955e3,70,103,371,581,10.0,25,relative_length_error,{},1,11,0.09927939996123314,1.5953709003515542,1.6946503003127873,True,True,3.586561682942074,0.4377682403433476,d881bc4b9ecd80314dcc83f6f92d7c48430546a05000f87b4b4990fa68bf3f84,120177c3a1ba2407b85ec2030c27d937b8add1d07cbbd40e9057b29955264b71,209687,209687,30645,4508,a09e052489547742554777966501efcee8cec23002afc668d31ec4be684fcefa
1955e5_to_1955e3,1955e5,1955e3,70,103,371,581,10.0,25,symmetric_corridor_exceedance,{},1,12,0.09835149999707937,5.996763700153679,6.095115200150758,True,True,0.11050131016934393,0.09976215823767516,f123c2f03c41209bc8ee8b293612c08738fa515766c2ad71e3be2cd080f11ae3,6523305e7172af801e278fb02529f04fb6d879e10d97514e462f6e312710e270,209687,209687,30645,4508,bc080de3d0ab462aa25319235bcbe7c129b499266151481eef13f360b534b8e7
1955e5_to_1955e3,1955e5,1955e3,70,103,371,581,10.0,25,dynamic_time_warping_distance,{},5,13,0.10066909994930029,5.605367199983448,5.706036299932748,True,True,58.26183243049417,12.00382072780888,427480aa4e2c6d03011088439d810a5c4ee37ee099b1dad512aa42aaf8581f8e,8d95010eb4facc0fa84ea3b3d7bc8131df532f7f6afecb9ca4c10f5c2a26a4a8,209687,209687,30645,4508,a3248ad8b3c7fa5349e85d0f457927ff3ca88c98b6cef275d0cb3509a7098968
1955e5_to_1955e3,1955e5,1955e3,70,103,371,581,10.0,25,relative_length_error,{},4,14,0.12894989969208837,1.7587783997878432,1.8877282994799316,True,True,3.586561682942074,0.4377682403433476,d881bc4b9ecd80314dcc83f6f92d7c48430546a05000f87b4b4990fa68bf3f84,120177c3a1ba2407b85ec2030c27d937b8add1d07cbbd40e9057b29955264b71,209687,209687,30645,4508,a09e052489547742554777966501efcee8cec23002afc668d31ec4be684fcefa
1955e5_to_1955e3,1955e5,1955e3,70,103,371,581,10.0,25,mean_distance_tangent,{},5,15,0.10826049977913499,5.987053600139916,6.095314099919051,True,True,30.906025429593214,5.376119686460603,6575e61621235636a5f7541578b89df71239214776dc647ab8573d276fb676e8,360f460683a66561fde97bc2abd2cffb31f9c3e14ed28af56dc8579acd12d50f,209687,209687,30645,4508,a0e6bf4adeff4278af92f5f44eae88b0096266b1d517872bf93edc86ee6d7a61
1955e5_to_1955e3,1955e5,1955e3,70,103,371,581,10.0,25,dynamic_time_warping_distance,{},3,16,0.10781330009922385,5.5649863998405635,5.672799699939787,True,True,58.26183243049417,12.00382072780888,427480aa4e2c6d03011088439d810a5c4ee37ee099b1dad512aa42aaf8581f8e,8d95010eb4facc0fa84ea3b3d7bc8131df532f7f6afecb9ca4c10f5c2a26a4a8,209687,209687,30645,4508,a3248ad8b3c7fa5349e85d0f457927ff3ca88c98b6cef275d0cb3509a7098968
1955e5_to_1955e3,1955e5,1955e3,70,103,371,581,10.0,25,hausdorff_distance,{},1,17,0.09942069975659251,6.434693300165236,6.5341139999218285,True,True,117.32333249791212,23.345235059857504,427480aa4e2c6d03011088439d810a5c4ee37ee099b1dad512aa42aaf8581f8e,af47cd8f1e90f4ba7642e18b691357aedf329bfb5786f2b6c5c3fb059f1101f0,209687,209687,30645,4508,9ea80eaa81e8f590c4d921bdba4fdc8c9797621d14537bfc523a0dbc9aedb149
1955e5_to_1955e3,1955e5,1955e3,70,103,371,581,10.0,25,discrete_frechet_distance,{},3,18,0.14625460002571344,8.798408800270408,8.944663400296122,True,True,119.21633134936793,25.52327646920268,427480aa4e2c6d03011088439d810a5c4ee37ee099b1dad512aa42aaf8581f8e,ecea89c0f7bdac0c958dce85e51696a1542d93dde4db78463fd3b1b3bb0647b1,209687,209687,30645,4508,45251092155b3d6115d01826a1172a08d426d4e987336b9b760702ee739b8303
1955e5_to_1955e3,1955e5,1955e3,70,103,371,581,10.0,25,symmetric_corridor_exceedance,{},4,19,0.11414880026131868,6.0274434001185,6.141592200379819,True,True,0.11050131016934393,0.09976215823767516,f123c2f03c41209bc8ee8b293612c08738fa515766c2ad71e3be2cd080f11ae3,6523305e7172af801e278fb02529f04fb6d879e10d97514e462f6e312710e270,209687,209687,30645,4508,bc080de3d0ab462aa25319235bcbe7c129b499266151481eef13f360b534b8e7
1955e5_to_1955e3,1955e5,1955e3,70,103,371,581,10.0,25,symmetric_corridor_exceedance,{},2,20,0.10437820013612509,5.757934900000691,5.8623131001368165,True,True,0.11050131016934393,0.09976215823767516,f123c2f03c41209bc8ee8b293612c08738fa515766c2ad71e3be2cd080f11ae3,6523305e7172af801e278fb02529f04fb6d879e10d97514e462f6e312710e270,209687,209687,30645,4508,bc080de3d0ab462aa25319235bcbe7c129b499266151481eef13f360b534b8e7
1955e5_to_1955e3,1955e5,1955e3,70,103,371,581,10.0,25,discrete_frechet_distance,{},1,21,0.10023540025576949,8.215637399815023,8.315872800070792,True,True,119.21633134936793,25.52327646920268,427480aa4e2c6d03011088439d810a5c4ee37ee099b1dad512aa42aaf8581f8e,ecea89c0f7bdac0c958dce85e51696a1542d93dde4db78463fd3b1b3bb0647b1,209687,209687,30645,4508,45251092155b3d6115d01826a1172a08d426d4e987336b9b760702ee739b8303
1955e5_to_1955e3,1955e5,1955e3,70,103,371,581,10.0,25,dynamic_time_warping_distance,{},4,22,0.0979535998776555,5.38950809976086,5.487461699638516,True,True,58.26183243049417,12.00382072780888,427480aa4e2c6d03011088439d810a5c4ee37ee099b1dad512aa42aaf8581f8e,8d95010eb4facc0fa84ea3b3d7bc8131df532f7f6afecb9ca4c10f5c2a26a4a8,209687,209687,30645,4508,a3248ad8b3c7fa5349e85d0f457927ff3ca88c98b6cef275d0cb3509a7098968
1955e5_to_1955e3,1955e5,1955e3,70,103,371,581,10.0,25,symmetric_corridor_exceedance,{},3,23,0.09777439991012216,5.610408900305629,5.708183300215751,True,True,0.11050131016934393,0.09976215823767516,f123c2f03c41209bc8ee8b293612c08738fa515766c2ad71e3be2cd080f11ae3,6523305e7172af801e278fb02529f04fb6d879e10d97514e462f6e312710e270,209687,209687,30645,4508,bc080de3d0ab462aa25319235bcbe7c129b499266151481eef13f360b534b8e7
1955e5_to_1955e3,1955e5,1955e3,70,103,371,581,10.0,25,discrete_frechet_distance,{},4,24,0.10370109975337982,8.195885399822146,8.299586499575526,True,True,119.21633134936793,25.52327646920268,427480aa4e2c6d03011088439d810a5c4ee37ee099b1dad512aa42aaf8581f8e,ecea89c0f7bdac0c958dce85e51696a1542d93dde4db78463fd3b1b3bb0647b1,209687,209687,30645,4508,45251092155b3d6115d01826a1172a08d426d4e987336b9b760702ee739b8303
1955e5_to_1955e3,1955e5,1955e3,70,103,371,581,10.0,25,discrete_frechet_distance,{},5,25,0.1005192999728024,8.378548600245267,8.47906790021807,True,True,119.21633134936793,25.52327646920268,427480aa4e2c6d03011088439d810a5c4ee37ee099b1dad512aa42aaf8581f8e,ecea89c0f7bdac0c958dce85e51696a1542d93dde4db78463fd3b1b3bb0647b1,209687,209687,30645,4508,45251092155b3d6115d01826a1172a08d426d4e987336b9b760702ee739b8303
1955e5_to_1955e3,1955e5,1955e3,70,103,371,581,10.0,25,log_length_distortion,{},2,26,0.09862999990582466,1.553713799919933,1.6523437998257577,True,True,4.176008071316579,0.47633944769482134,4161d4f4b7ad3b66bfb636ee95a93f0fa82c55954e28081eead4879d90c745cf,49281e0044e80f6bc311dcc2eaf18658eac2efd36da33039454398677d55120a,209687,209687,30645,4508,013d1628d49d8984f7446c34bf28670c72f39d63c2ee3a22fb20b68013f957eb
1955e5_to_1955e3,1955e5,1955e3,70,103,371,581,10.0,25,dynamic_time_warping_distance,{},2,27,0.10967550007626414,5.413873800076544,5.523549300152808,True,True,58.26183243049417,12.00382072780888,427480aa4e2c6d03011088439d810a5c4ee37ee099b1dad512aa42aaf8581f8e,8d95010eb4facc0fa84ea3b3d7bc8131df532f7f6afecb9ca4c10f5c2a26a4a8,209687,209687,30645,4508,a3248ad8b3c7fa5349e85d0f457927ff3ca88c98b6cef275d0cb3509a7098968
1955e5_to_1955e3,1955e5,1955e3,70,103,371,581,10.0,25,mean_distance_tangent,{},2,28,0.09990720031782985,5.619742000009865,5.719649200327694,True,True,30.906025429593214,5.376119686460603,6575e61621235636a5f7541578b89df71239214776dc647ab8573d276fb676e8,360f460683a66561fde97bc2abd2cffb31f9c3e14ed28af56dc8579acd12d50f,209687,209687,30645,4508,a0e6bf4adeff4278af92f5f44eae88b0096266b1d517872bf93edc86ee6d7a61
1955e5_to_1955e3,1955e5,1955e3,70,103,371,581,10.0,25,discrete_frechet_distance,{},2,29,0.11492380034178495,8.288552400190383,8.403476200532168,True,True,119.21633134936793,25.52327646920268,427480aa4e2c6d03011088439d810a5c4ee37ee099b1dad512aa42aaf8581f8e,ecea89c0f7bdac0c958dce85e51696a1542d93dde4db78463fd3b1b3bb0647b1,209687,209687,30645,4508,45251092155b3d6115d01826a1172a08d426d4e987336b9b760702ee739b8303
1955e5_to_1955e3,1955e5,1955e3,70,103,371,581,10.0,25,log_length_distortion,{},1,30,0.10014570038765669,1.5260350001044571,1.6261807004921138,True,True,4.176008071316579,0.47633944769482134,4161d4f4b7ad3b66bfb636ee95a93f0fa82c55954e28081eead4879d90c745cf,49281e0044e80f6bc311dcc2eaf18658eac2efd36da33039454398677d55120a,209687,209687,30645,4508,013d1628d49d8984f7446c34bf28670c72f39d63c2ee3a22fb20b68013f957eb
1955e5_to_1955e3,1955e5,1955e3,70,103,371,581,10.0,25,dynamic_time_warping_distance,{},1,31,0.09746390022337437,5.403481500223279,5.500945400446653,True,True,58.26183243049417,12.00382072780888,427480aa4e2c6d03011088439d810a5c4ee37ee099b1dad512aa42aaf8581f8e,8d95010eb4facc0fa84ea3b3d7bc8131df532f7f6afecb9ca4c10f5c2a26a4a8,209687,209687,30645,4508,a3248ad8b3c7fa5349e85d0f457927ff3ca88c98b6cef275d0cb3509a7098968
1955e5_to_1955e3,1955e5,1955e3,70,103,371,581,10.0,25,symmetric_corridor_exceedance,{},5,32,0.10110299987718463,5.593765999656171,5.694868999533355,True,True,0.11050131016934393,0.09976215823767516,f123c2f03c41209bc8ee8b293612c08738fa515766c2ad71e3be2cd080f11ae3,6523305e7172af801e278fb02529f04fb6d879e10d97514e462f6e312710e270,209687,209687,30645,4508,bc080de3d0ab462aa25319235bcbe7c129b499266151481eef13f360b534b8e7
1955e5_to_1955e3,1955e5,1955e3,70,103,371,581,10.0,25,hausdorff_distance,{},5,33,0.09980289964005351,6.17530670017004,6.275109599810094,True,True,117.32333249791212,23.345235059857504,427480aa4e2c6d03011088439d810a5c4ee37ee099b1dad512aa42aaf8581f8e,af47cd8f1e90f4ba7642e18b691357aedf329bfb5786f2b6c5c3fb059f1101f0,209687,209687,30645,4508,9ea80eaa81e8f590c4d921bdba4fdc8c9797621d14537bfc523a0dbc9aedb149
1955e5_to_1955e3,1955e5,1955e3,70,103,371,581,10.0,25,mean_distance_tangent,{},1,34,0.09901840006932616,5.594705400057137,5.693723800126463,True,True,30.906025429593214,5.376119686460603,6575e61621235636a5f7541578b89df71239214776dc647ab8573d276fb676e8,360f460683a66561fde97bc2abd2cffb31f9c3e14ed28af56dc8579acd12d50f,209687,209687,30645,4508,a0e6bf4adeff4278af92f5f44eae88b0096266b1d517872bf93edc86ee6d7a61
1955e5_to_1955e3,1955e5,1955e3,70,103,371,581,10.0,25,log_length_distortion,{},3,35,0.09943330008536577,1.5454393001273274,1.6448726002126932,True,True,4.176008071316579,0.47633944769482134,4161d4f4b7ad3b66bfb636ee95a93f0fa82c55954e28081eead4879d90c745cf,49281e0044e80f6bc311dcc2eaf18658eac2efd36da33039454398677d55120a,209687,209687,30645,4508,013d1628d49d8984f7446c34bf28670c72f39d63c2ee3a22fb20b68013f957eb
1998e5_to_1998e3,1998e5,1998e3,54,78,321,509,10.0,25,mean_distance_tangent,{},2,1,0.08275910001248121,3.6187060000374913,3.7014651000499725,True,True,15.512908809505802,2.6747381398867667,240da08e4db795bdd8a97e2b2f54147fcd831da7dc0a085e065e98437e857007,51b92f2ff1a22dadb26e651bef3f41f1db3cf0bfac1eee9eb5fbe629bc894292,71354,71354,10265,3233,608bb9af5a3a26f2f20934bdf242266d700a0238e5ac06b30e18b8fa45d4b3ca
1998e5_to_1998e3,1998e5,1998e3,54,78,321,509,10.0,25,log_length_distortion,{},2,2,0.08830100018531084,0.5987468999810517,0.6870479001663625,True,True,2.102760668957757,0.3190982686851599,4874735134b81f61e78c4da8c5a46e767f1a0a6ac6b8182ad1eeeb9a9315d4af,04640c607544880caaa7783fc49cca409a2682482f431584f7e8e530b0aac746,71354,71354,10265,3233,9cc7a2454cd1bfe31a13327f326954c69bf0967f195beb67f62a9937d1116402
1998e5_to_1998e3,1998e5,1998e3,54,78,321,509,10.0,25,discrete_frechet_distance,{},1,3,0.08222629968076944,5.4842771999537945,5.566503499634564,True,True,81.73861807535519,9.693020608978266,94c2d2ad006426b28f708b23346e0e53523f1fff9b87ccf70b9f74e72d69ab3f,7c17606e20e5265c91e4f26758bf986986eeeb2143a80e77ca62f04f7361a0a4,71354,71354,10265,3233,ce27a40781cdfafa077d5c3d948bc6585de52676f9a93ff9491a265b881e7cd8
1998e5_to_1998e3,1998e5,1998e3,54,78,321,509,10.0,25,hausdorff_distance,{},1,4,0.08249989990144968,4.152292700018734,4.234792599920183,True,True,80.37266329561248,10.0,94c2d2ad006426b28f708b23346e0e53523f1fff9b87ccf70b9f74e72d69ab3f,022c0bdeae4d825e4f4fcc75b3dd48d8d16a86f0b906e33c9a4cda0d183903eb,71354,71354,10265,3233,5efc51ba5a4b62b71c0f78ea82886c6d777ddfaa3b51d3def66d7ba7d752e58c
1998e5_to_1998e3,1998e5,1998e3,54,78,321,509,10.0,25,symmetric_corridor_exceedance,{},3,5,0.08368550008162856,3.639439200051129,3.7231247001327574,True,True,0.0,0.0,256dc4f570976c9fc597bc31827d6f9cbed2ab58733054aa0bde63568a63036e,256dc4f570976c9fc597bc31827d6f9cbed2ab58733054aa0bde63568a63036e,71354,71354,10265,3233,db45adfa34dcca18411fe5aa0db3f2092a7aa328b0d2c9b7945e86744ca88940
1998e5_to_1998e3,1998e5,1998e3,54,78,321,509,10.0,25,log_length_distortion,{},3,6,0.0827993000857532,0.6034869998693466,0.6862862999550998,True,True,2.102760668957757,0.3190982686851599,4874735134b81f61e78c4da8c5a46e767f1a0a6ac6b8182ad1eeeb9a9315d4af,04640c607544880caaa7783fc49cca409a2682482f431584f7e8e530b0aac746,71354,71354,10265,3233,9cc7a2454cd1bfe31a13327f326954c69bf0967f195beb67f62a9937d1116402
1998e5_to_1998e3,1998e5,1998e3,54,78,321,509,10.0,25,symmetric_corridor_exceedance,{},1,7,0.08190560014918447,3.582645600195974,3.6645512003451586,True,True,0.0,0.0,256dc4f570976c9fc597bc31827d6f9cbed2ab58733054aa0bde63568a63036e,256dc4f570976c9fc597bc31827d6f9cbed2ab58733054aa0bde63568a63036e,71354,71354,10265,3233,db45adfa34dcca18411fe5aa0db3f2092a7aa328b0d2c9b7945e86744ca88940
1998e5_to_1998e3,1998e5,1998e3,54,78,321,509,10.0,25,hausdorff_distance,{},4,8,0.08263610024005175,4.145510899834335,4.228147000074387,True,True,80.37266329561248,10.0,94c2d2ad006426b28f708b23346e0e53523f1fff9b87ccf70b9f74e72d69ab3f,022c0bdeae4d825e4f4fcc75b3dd48d8d16a86f0b906e33c9a4cda0d183903eb,71354,71354,10265,3233,5efc51ba5a4b62b71c0f78ea82886c6d777ddfaa3b51d3def66d7ba7d752e58c
1998e5_to_1998e3,1998e5,1998e3,54,78,321,509,10.0,25,discrete_frechet_distance,{},5,9,0.08236540015786886,5.533640299923718,5.616005700081587,True,True,81.73861807535519,9.693020608978266,94c2d2ad006426b28f708b23346e0e53523f1fff9b87ccf70b9f74e72d69ab3f,7c17606e20e5265c91e4f26758bf986986eeeb2143a80e77ca62f04f7361a0a4,71354,71354,10265,3233,ce27a40781cdfafa077d5c3d948bc6585de52676f9a93ff9491a265b881e7cd8
1998e5_to_1998e3,1998e5,1998e3,54,78,321,509,10.0,25,symmetric_corridor_exceedance,{},4,10,0.08319649985060096,3.5828478997573256,3.6660443996079266,True,True,0.0,0.0,256dc4f570976c9fc597bc31827d6f9cbed2ab58733054aa0bde63568a63036e,256dc4f570976c9fc597bc31827d6f9cbed2ab58733054aa0bde63568a63036e,71354,71354,10265,3233,db45adfa34dcca18411fe5aa0db3f2092a7aa328b0d2c9b7945e86744ca88940
1998e5_to_1998e3,1998e5,1998e3,54,78,321,509,10.0,25,symmetric_corridor_exceedance,{},5,11,0.08324600011110306,3.594333400018513,3.6775794001296163,True,True,0.0,0.0,256dc4f570976c9fc597bc31827d6f9cbed2ab58733054aa0bde63568a63036e,256dc4f570976c9fc597bc31827d6f9cbed2ab58733054aa0bde63568a63036e,71354,71354,10265,3233,db45adfa34dcca18411fe5aa0db3f2092a7aa328b0d2c9b7945e86744ca88940
1998e5_to_1998e3,1998e5,1998e3,54,78,321,509,10.0,25,discrete_frechet_distance,{},4,12,0.08395030023530126,5.548484000377357,5.632434300612658,True,True,81.73861807535519,9.693020608978266,94c2d2ad006426b28f708b23346e0e53523f1fff9b87ccf70b9f74e72d69ab3f,7c17606e20e5265c91e4f26758bf986986eeeb2143a80e77ca62f04f7361a0a4,71354,71354,10265,3233,ce27a40781cdfafa077d5c3d948bc6585de52676f9a93ff9491a265b881e7cd8
1998e5_to_1998e3,1998e5,1998e3,54,78,321,509,10.0,25,mean_distance_tangent,{},3,13,0.10242039989680052,3.6775532998144627,3.779973699711263,True,True,15.512908809505802,2.6747381398867667,240da08e4db795bdd8a97e2b2f54147fcd831da7dc0a085e065e98437e857007,51b92f2ff1a22dadb26e651bef3f41f1db3cf0bfac1eee9eb5fbe629bc894292,71354,71354,10265,3233,608bb9af5a3a26f2f20934bdf242266d700a0238e5ac06b30e18b8fa45d4b3ca
1998e5_to_1998e3,1998e5,1998e3,54,78,321,509,10.0,25,dynamic_time_warping_distance,{},4,14,0.08236549980938435,3.4670072998851538,3.549372799694538,True,True,36.419149958482684,5.809602579718631,290a2e80691292757736871118e6c3ee6f0352838e0df5cb1867ea24f2d9c1af,ea3d25a952e28d17bab4f0cc2a3c7d1e8225780b748b769de08ab6a8144546d0,71354,71354,10265,3233,5056a73f7ccfc97ef8e0a214c0274da7055ff99141cb5e4ae41d4ddbeb73594d
1998e5_to_1998e3,1998e5,1998e3,54,78,321,509,10.0,25,relative_length_error,{},3,15,0.08841359987854958,0.598432700149715,0.6868463000282645,True,True,1.8984628658560898,0.2731958762886598,c5e94bb7d90a94497f047a2ee52ac5ea58dddb4cd6d41aa2432044e5aa0691c8,1010ef9f36dabfdb23297a85061744ef2216a0428510365750e24b869b8710dc,71354,71354,10265,3233,10351a6fd24827db100667da0b0c41630388c7f8de72ad98e5aedba3dd9d0923
1998e5_to_1998e3,1998e5,1998e3,54,78,321,509,10.0,25,mean_distance_tangent,{},5,16,0.08217919990420341,3.602301700040698,3.6844808999449015,True,True,15.512908809505802,2.6747381398867667,240da08e4db795bdd8a97e2b2f54147fcd831da7dc0a085e065e98437e857007,51b92f2ff1a22dadb26e651bef3f41f1db3cf0bfac1eee9eb5fbe629bc894292,71354,71354,10265,3233,608bb9af5a3a26f2f20934bdf242266d700a0238e5ac06b30e18b8fa45d4b3ca
1998e5_to_1998e3,1998e5,1998e3,54,78,321,509,10.0,25,hausdorff_distance,{},3,17,0.08982869982719421,4.181654899846762,4.271483599673957,True,True,80.37266329561248,10.0,94c2d2ad006426b28f708b23346e0e53523f1fff9b87ccf70b9f74e72d69ab3f,022c0bdeae4d825e4f4fcc75b3dd48d8d16a86f0b906e33c9a4cda0d183903eb,71354,71354,10265,3233,5efc51ba5a4b62b71c0f78ea82886c6d777ddfaa3b51d3def66d7ba7d752e58c
1998e5_to_1998e3,1998e5,1998e3,54,78,321,509,10.0,25,dynamic_time_warping_distance,{},5,18,0.08381420001387596,3.4319416997022927,3.5157558997161686,True,True,36.419149958482684,5.809602579718631,290a2e80691292757736871118e6c3ee6f0352838e0df5cb1867ea24f2d9c1af,ea3d25a952e28d17bab4f0cc2a3c7d1e8225780b748b769de08ab6a8144546d0,71354,71354,10265,3233,5056a73f7ccfc97ef8e0a214c0274da7055ff99141cb5e4ae41d4ddbeb73594d
1998e5_to_1998e3,1998e5,1998e3,54,78,321,509,10.0,25,discrete_frechet_distance,{},2,19,0.08240330033004284,5.490771300159395,5.573174600489438,True,True,81.73861807535519,9.693020608978266,94c2d2ad006426b28f708b23346e0e53523f1fff9b87ccf70b9f74e72d69ab3f,7c17606e20e5265c91e4f26758bf986986eeeb2143a80e77ca62f04f7361a0a4,71354,71354,10265,3233,ce27a40781cdfafa077d5c3d948bc6585de52676f9a93ff9491a265b881e7cd8
1998e5_to_1998e3,1998e5,1998e3,54,78,321,509,10.0,25,symmetric_corridor_exceedance,{},2,20,0.08232100028544664,3.602328799664974,3.684649799950421,True,True,0.0,0.0,256dc4f570976c9fc597bc31827d6f9cbed2ab58733054aa0bde63568a63036e,256dc4f570976c9fc597bc31827d6f9cbed2ab58733054aa0bde63568a63036e,71354,71354,10265,3233,db45adfa34dcca18411fe5aa0db3f2092a7aa328b0d2c9b7945e86744ca88940
1998e5_to_1998e3,1998e5,1998e3,54,78,321,509,10.0,25,mean_distance_tangent,{},4,21,0.08290470018982887,3.625631299801171,3.7085359999909997,True,True,15.512908809505802,2.6747381398867667,240da08e4db795bdd8a97e2b2f54147fcd831da7dc0a085e065e98437e857007,51b92f2ff1a22dadb26e651bef3f41f1db3cf0bfac1eee9eb5fbe629bc894292,71354,71354,10265,3233,608bb9af5a3a26f2f20934bdf242266d700a0238e5ac06b30e18b8fa45d4b3ca
1998e5_to_1998e3,1998e5,1998e3,54,78,321,509,10.0,25,dynamic_time_warping_distance,{},1,22,0.09140120027586818,3.4671126999892294,3.5585139002650976,True,True,36.419149958482684,5.809602579718631,290a2e80691292757736871118e6c3ee6f0352838e0df5cb1867ea24f2d9c1af,ea3d25a952e28d17bab4f0cc2a3c7d1e8225780b748b769de08ab6a8144546d0,71354,71354,10265,3233,5056a73f7ccfc97ef8e0a214c0274da7055ff99141cb5e4ae41d4ddbeb73594d
1998e5_to_1998e3,1998e5,1998e3,54,78,321,509,10.0,25,dynamic_time_warping_distance,{},2,23,0.08338829968124628,3.457101699896157,3.540489999577403,True,True,36.419149958482684,5.809602579718631,290a2e80691292757736871118e6c3ee6f0352838e0df5cb1867ea24f2d9c1af,ea3d25a952e28d17bab4f0cc2a3c7d1e8225780b748b769de08ab6a8144546d0,71354,71354,10265,3233,5056a73f7ccfc97ef8e0a214c0274da7055ff99141cb5e4ae41d4ddbeb73594d
1998e5_to_1998e3,1998e5,1998e3,54,78,321,509,10.0,25,mean_distance_tangent,{},1,24,0.08228290034458041,3.626329899765551,3.7086128001101315,True,True,15.512908809505802,2.6747381398867667,240da08e4db795bdd8a97e2b2f54147fcd831da7dc0a085e065e98437e857007,51b92f2ff1a22dadb26e651bef3f41f1db3cf0bfac1eee9eb5fbe629bc894292,71354,71354,10265,3233,608bb9af5a3a26f2f20934bdf242266d700a0238e5ac06b30e18b8fa45d4b3ca
1998e5_to_1998e3,1998e5,1998e3,54,78,321,509,10.0,25,discrete_frechet_distance,{},3,25,0.08555130008608103,5.495626300107688,5.581177600193769,True,True,81.73861807535519,9.693020608978266,94c2d2ad006426b28f708b23346e0e53523f1fff9b87ccf70b9f74e72d69ab3f,7c17606e20e5265c91e4f26758bf986986eeeb2143a80e77ca62f04f7361a0a4,71354,71354,10265,3233,ce27a40781cdfafa077d5c3d948bc6585de52676f9a93ff9491a265b881e7cd8
1998e5_to_1998e3,1998e5,1998e3,54,78,321,509,10.0,25,hausdorff_distance,{},5,26,0.08325859997421503,4.172568599693477,4.255827199667692,True,True,80.37266329561248,10.0,94c2d2ad006426b28f708b23346e0e53523f1fff9b87ccf70b9f74e72d69ab3f,022c0bdeae4d825e4f4fcc75b3dd48d8d16a86f0b906e33c9a4cda0d183903eb,71354,71354,10265,3233,5efc51ba5a4b62b71c0f78ea82886c6d777ddfaa3b51d3def66d7ba7d752e58c
1998e5_to_1998e3,1998e5,1998e3,54,78,321,509,10.0,25,log_length_distortion,{},1,27,0.0902296002022922,0.5790653000585735,0.6692949002608657,True,True,2.102760668957757,0.3190982686851599,4874735134b81f61e78c4da8c5a46e767f1a0a6ac6b8182ad1eeeb9a9315d4af,04640c607544880caaa7783fc49cca409a2682482f431584f7e8e530b0aac746,71354,71354,10265,3233,9cc7a2454cd1bfe31a13327f326954c69bf0967f195beb67f62a9937d1116402
1998e5_to_1998e3,1998e5,1998e3,54,78,321,509,10.0,25,relative_length_error,{},2,28,0.08319739997386932,0.6005859998986125,0.6837833998724818,True,True,1.8984628658560898,0.2731958762886598,c5e94bb7d90a94497f047a2ee52ac5ea58dddb4cd6d41aa2432044e5aa0691c8,1010ef9f36dabfdb23297a85061744ef2216a0428510365750e24b869b8710dc,71354,71354,10265,3233,10351a6fd24827db100667da0b0c41630388c7f8de72ad98e5aedba3dd9d0923
1998e5_to_1998e3,1998e5,1998e3,54,78,321,509,10.0,25,log_length_distortion,{},5,29,0.08230629982426763,0.588257800322026,0.6705641001462936,True,True,2.102760668957757,0.3190982686851599,4874735134b81f61e78c4da8c5a46e767f1a0a6ac6b8182ad1eeeb9a9315d4af,04640c607544880caaa7783fc49cca409a2682482f431584f7e8e530b0aac746,71354,71354,10265,3233,9cc7a2454cd1bfe31a13327f326954c69bf0967f195beb67f62a9937d1116402
1998e5_to_1998e3,1998e5,1998e3,54,78,321,509,10.0,25,relative_length_error,{},1,30,0.08174159983173013,0.5967323002405465,0.6784739000722766,True,True,1.8984628658560898,0.2731958762886598,c5e94bb7d90a94497f047a2ee52ac5ea58dddb4cd6d41aa2432044e5aa0691c8,1010ef9f36dabfdb23297a85061744ef2216a0428510365750e24b869b8710dc,71354,71354,10265,3233,10351a6fd24827db100667da0b0c41630388c7f8de72ad98e5aedba3dd9d0923
1998e5_to_1998e3,1998e5,1998e3,54,78,321,509,10.0,25,relative_length_error,{},4,31,0.08160710008814931,0.5948290000669658,0.6764361001551151,True,True,1.8984628658560898,0.2731958762886598,c5e94bb7d90a94497f047a2ee52ac5ea58dddb4cd6d41aa2432044e5aa0691c8,1010ef9f36dabfdb23297a85061744ef2216a0428510365750e24b869b8710dc,71354,71354,10265,3233,10351a6fd24827db100667da0b0c41630388c7f8de72ad98e5aedba3dd9d0923
1998e5_to_1998e3,1998e5,1998e3,54,78,321,509,10.0,25,log_length_distortion,{},4,32,0.08216469967737794,0.5883438000455499,0.6705084997229278,True,True,2.102760668957757,0.3190982686851599,4874735134b81f61e78c4da8c5a46e767f1a0a6ac6b8182ad1eeeb9a9315d4af,04640c607544880caaa7783fc49cca409a2682482f431584f7e8e530b0aac746,71354,71354,10265,3233,9cc7a2454cd1bfe31a13327f326954c69bf0967f195beb67f62a9937d1116402
1998e5_to_1998e3,1998e5,1998e3,54,78,321,509,10.0,25,relative_length_error,{},5,33,0.08841480035334826,0.5874904999509454,0.6759053003042936,True,True,1.8984628658560898,0.2731958762886598,c5e94bb7d90a94497f047a2ee52ac5ea58dddb4cd6d41aa2432044e5aa0691c8,1010ef9f36dabfdb23297a85061744ef2216a0428510365750e24b869b8710dc,71354,71354,10265,3233,10351a6fd24827db100667da0b0c41630388c7f8de72ad98e5aedba3dd9d0923
1998e5_to_1998e3,1998e5,1998e3,54,78,321,509,10.0,25,hausdorff_distance,{},2,34,0.08545640017837286,4.162329899612814,4.247786299791187,True,True,80.37266329561248,10.0,94c2d2ad006426b28f708b23346e0e53523f1fff9b87ccf70b9f74e72d69ab3f,022c0bdeae4d825e4f4fcc75b3dd48d8d16a86f0b906e33c9a4cda0d183903eb,71354,71354,10265,3233,5efc51ba5a4b62b71c0f78ea82886c6d777ddfaa3b51d3def66d7ba7d752e58c
1998e5_to_1998e3,1998e5,1998e3,54,78,321,509,10.0,25,dynamic_time_warping_distance,{},3,35,0.08234400022774935,3.4379043001681566,3.520248300395906,True,True,36.419149958482684,5.809602579718631,290a2e80691292757736871118e6c3ee6f0352838e0df5cb1867ea24f2d9c1af,ea3d25a952e28d17bab4f0cc2a3c7d1e8225780b748b769de08ab6a8144546d0,71354,71354,10265,3233,5056a73f7ccfc97ef8e0a214c0274da7055ff99141cb5e4ae41d4ddbeb73594d
2014e5_to_2014e3,2014e5,2014e3,51,74,317,493,10.0,25,mean_distance_tangent,{},5,1,0.08015060005709529,3.269164599943906,3.3493152000010014,True,True,8.521050299465983,1.7046210250274694,faabd718c162c729e7d8be3a8da3f76b6c7027a3cf5479f276124927c5c107b5,ba8df31cc926bf97b5838df824f113053a516697276176200ea83def07986e53,47150,47150,7178,3298,7a37b18f43c9fca9aa7a918d051063dbf9ffcd351d75671577d478ecc5c23eb8
2014e5_to_2014e3,2014e5,2014e3,51,74,317,493,10.0,25,mean_distance_tangent,{},1,2,0.08127399999648333,3.279658899642527,3.3609328996390104,True,True,8.521050299465983,1.7046210250274694,faabd718c162c729e7d8be3a8da3f76b6c7027a3cf5479f276124927c5c107b5,ba8df31cc926bf97b5838df824f113053a516697276176200ea83def07986e53,47150,47150,7178,3298,7a37b18f43c9fca9aa7a918d051063dbf9ffcd351d75671577d478ecc5c23eb8
2014e5_to_2014e3,2014e5,2014e3,51,74,317,493,10.0,25,hausdorff_distance,{},5,3,0.08040539966896176,3.994115799665451,4.074521199334413,True,True,59.37520694654951,10.63014581273465,3e8896a657d51e85f03eb1d0ea5f03fba1247f71768a8681fbb17fc9f7b3c34e,5a52a02aebdedc9244c89502d589139fa741d2f15468be6af446958a3ba72485,47150,47150,7178,3298,ddde9a3b5da69edbf30fd5441e91b94d10f60425acfea0b22edcf483db433f35
2014e5_to_2014e3,2014e5,2014e3,51,74,317,493,10.0,25,dynamic_time_warping_distance,{},1,4,0.07993749994784594,3.0806836001574993,3.1606211001053452,True,True,22.50345302695367,3.9595497685332948,3e8896a657d51e85f03eb1d0ea5f03fba1247f71768a8681fbb17fc9f7b3c34e,b9a31f27a7cdf8c8bcee19b66a7c482c85cfe449899c63c69ff18e50329d3873,47150,47150,7178,3298,87997e6c4e79ace0b22289009495745af75b2340d15262fde33d0c91a2fbad77
2014e5_to_2014e3,2014e5,2014e3,51,74,317,493,10.0,25,relative_length_error,{},1,5,0.07880750019103289,0.3737706998363137,0.4525782000273466,True,True,1.8758868395937165,0.23481781376518218,2ebde625c065b0dafa6e7a5256d830f405b4dfe86260c00863dc94d23dcaac85,4615b3234d7137eeb2aa44e1388a61cc6da60474921dd074fe1bcaaa239303ed,47150,47150,7178,3298,07816fd59781d10d2617fe81803d53dc3bfef00078c85c155bf8581eb4ad96d1
2014e5_to_2014e3,2014e5,2014e3,51,74,317,493,10.0,25,mean_distance_tangent,{},4,6,0.08172159967944026,3.3218978997319937,3.403619499411434,True,True,8.521050299465983,1.7046210250274694,faabd718c162c729e7d8be3a8da3f76b6c7027a3cf5479f276124927c5c107b5,ba8df31cc926bf97b5838df824f113053a516697276176200ea83def07986e53,47150,47150,7178,3298,7a37b18f43c9fca9aa7a918d051063dbf9ffcd351d75671577d478ecc5c23eb8
2014e5_to_2014e3,2014e5,2014e3,51,74,317,493,10.0,25,dynamic_time_warping_distance,{},5,7,0.07884390000253916,3.098543200176209,3.1773871001787484,True,True,22.50345302695367,3.9595497685332948,3e8896a657d51e85f03eb1d0ea5f03fba1247f71768a8681fbb17fc9f7b3c34e,b9a31f27a7cdf8c8bcee19b66a7c482c85cfe449899c63c69ff18e50329d3873,47150,47150,7178,3298,87997e6c4e79ace0b22289009495745af75b2340d15262fde33d0c91a2fbad77
2014e5_to_2014e3,2014e5,2014e3,51,74,317,493,10.0,25,hausdorff_distance,{},3,8,0.07852600002661347,3.9739701999351382,4.052496199961752,True,True,59.37520694654951,10.63014581273465,3e8896a657d51e85f03eb1d0ea5f03fba1247f71768a8681fbb17fc9f7b3c34e,5a52a02aebdedc9244c89502d589139fa741d2f15468be6af446958a3ba72485,47150,47150,7178,3298,ddde9a3b5da69edbf30fd5441e91b94d10f60425acfea0b22edcf483db433f35
2014e5_to_2014e3,2014e5,2014e3,51,74,317,493,10.0,25,relative_length_error,{},3,9,0.07892079977318645,0.36795719992369413,0.4468779996968806,True,True,1.8758868395937165,0.23481781376518218,2ebde625c065b0dafa6e7a5256d830f405b4dfe86260c00863dc94d23dcaac85,4615b3234d7137eeb2aa44e1388a61cc6da60474921dd074fe1bcaaa239303ed,47150,47150,7178,3298,07816fd59781d10d2617fe81803d53dc3bfef00078c85c155bf8581eb4ad96d1
2014e5_to_2014e3,2014e5,2014e3,51,74,317,493,10.0,25,discrete_frechet_distance,{},1,10,0.07937539974227548,5.509136699605733,5.588512099348009,True,True,60.384071246302604,10.413666234542209,3e8896a657d51e85f03eb1d0ea5f03fba1247f71768a8681fbb17fc9f7b3c34e,7fcc104a02cc377bae3a12a81d081db184922910164ae1e6e727a08ea407f44f,47150,47150,7178,3298,d7b9a9c321187ec8ce842342761e42d9f7db9de4b8c1105e3261228255500531
2014e5_to_2014e3,2014e5,2014e3,51,74,317,493,10.0,25,discrete_frechet_distance,{},5,11,0.08680419996380806,5.434679100289941,5.521483300253749,True,True,60.384071246302604,10.413666234542209,3e8896a657d51e85f03eb1d0ea5f03fba1247f71768a8681fbb17fc9f7b3c34e,7fcc104a02cc377bae3a12a81d081db184922910164ae1e6e727a08ea407f44f,47150,47150,7178,3298,d7b9a9c321187ec8ce842342761e42d9f7db9de4b8c1105e3261228255500531
2014e5_to_2014e3,2014e5,2014e3,51,74,317,493,10.0,25,log_length_distortion,{},1,12,0.09471829980611801,0.36654229974374175,0.46126059954985976,True,True,2.070730693045043,0.2676413215683348,2fc548fbe1c51a5d8fa7025800b97ee8d1ddd1a48bbcc0ab5f26a25d3eb2479d,a82b8b1fed935f9d261d8a49eb153cff10a587d83ac57ef1a03764db88d0c196,47150,47150,7178,3298,3fbf044b3e295b873202ed276372dbb5362200edcfd68c3f35e4026d5ecf46b5
2014e5_to_2014e3,2014e5,2014e3,51,74,317,493,10.0,25,dynamic_time_warping_distance,{},2,13,0.09125260030850768,3.143229399807751,3.234482000116259,True,True,22.50345302695367,3.9595497685332948,3e8896a657d51e85f03eb1d0ea5f03fba1247f71768a8681fbb17fc9f7b3c34e,b9a31f27a7cdf8c8bcee19b66a7c482c85cfe449899c63c69ff18e50329d3873,47150,47150,7178,3298,87997e6c4e79ace0b22289009495745af75b2340d15262fde33d0c91a2fbad77
2014e5_to_2014e3,2014e5,2014e3,51,74,317,493,10.0,25,hausdorff_distance,{},2,14,0.08291420014575124,4.0470241997390985,4.12993839988485,True,True,59.37520694654951,10.63014581273465,3e8896a657d51e85f03eb1d0ea5f03fba1247f71768a8681fbb17fc9f7b3c34e,5a52a02aebdedc9244c89502d589139fa741d2f15468be6af446958a3ba72485,47150,47150,7178,3298,ddde9a3b5da69edbf30fd5441e91b94d10f60425acfea0b22edcf483db433f35
2014e5_to_2014e3,2014e5,2014e3,51,74,317,493,10.0,25,discrete_frechet_distance,{},3,15,0.09897470008581877,5.271637700032443,5.370612400118262,True,True,60.384071246302604,10.413666234542209,3e8896a657d51e85f03eb1d0ea5f03fba1247f71768a8681fbb17fc9f7b3c34e,7fcc104a02cc377bae3a12a81d081db184922910164ae1e6e727a08ea407f44f,47150,47150,7178,3298,d7b9a9c321187ec8ce842342761e42d9f7db9de4b8c1105e3261228255500531
2014e5_to_2014e3,2014e5,2014e3,51,74,317,493,10.0,25,relative_length_error,{},2,16,0.07982739992439747,0.37244160007685423,0.4522690000012517,True,True,1.8758868395937165,0.23481781376518218,2ebde625c065b0dafa6e7a5256d830f405b4dfe86260c00863dc94d23dcaac85,4615b3234d7137eeb2aa44e1388a61cc6da60474921dd074fe1bcaaa239303ed,47150,47150,7178,3298,07816fd59781d10d2617fe81803d53dc3bfef00078c85c155bf8581eb4ad96d1
2014e5_to_2014e3,2014e5,2014e3,51,74,317,493,10.0,25,mean_distance_tangent,{},2,17,0.0798654998652637,3.3039083001203835,3.383773799985647,True,True,8.521050299465983,1.7046210250274694,faabd718c162c729e7d8be3a8da3f76b6c7027a3cf5479f276124927c5c107b5,ba8df31cc926bf97b5838df824f113053a516697276176200ea83def07986e53,47150,47150,7178,3298,7a37b18f43c9fca9aa7a918d051063dbf9ffcd351d75671577d478ecc5c23eb8
2014e5_to_2014e3,2014e5,2014e3,51,74,317,493,10.0,25,log_length_distortion,{},5,18,0.08074190001934767,0.36613629991188645,0.4468781999312341,True,True,2.070730693045043,0.2676413215683348,2fc548fbe1c51a5d8fa7025800b97ee8d1ddd1a48bbcc0ab5f26a25d3eb2479d,a82b8b1fed935f9d261d8a49eb153cff10a587d83ac57ef1a03764db88d0c196,47150,47150,7178,3298,3fbf044b3e295b873202ed276372dbb5362200edcfd68c3f35e4026d5ecf46b5
2014e5_to_2014e3,2014e5,2014e3,51,74,317,493,10.0,25,symmetric_corridor_exceedance,{},4,19,0.07967149978503585,3.298563899938017,3.378235399723053,True,True,0.0002433403717047259,0.0002433403717047259,88a7804c6fdb1b40bc9ec76d210b7e80a66eb30446f1d68c0b2ec1137cc834a7,88a7804c6fdb1b40bc9ec76d210b7e80a66eb30446f1d68c0b2ec1137cc834a7,47150,47150,7178,3298,3773603c00798f152927bd95f9a04b24f7a8d043f7c63a46c42ac6f382a4a2b8
2014e5_to_2014e3,2014e5,2014e3,51,74,317,493,10.0,25,hausdorff_distance,{},1,20,0.08174369996413589,4.05230430001393,4.1340479999780655,True,True,59.37520694654951,10.63014581273465,3e8896a657d51e85f03eb1d0ea5f03fba1247f71768a8681fbb17fc9f7b3c34e,5a52a02aebdedc9244c89502d589139fa741d2f15468be6af446958a3ba72485,47150,47150,7178,3298,ddde9a3b5da69edbf30fd5441e91b94d10f60425acfea0b22edcf483db433f35
2014e5_to_2014e3,2014e5,2014e3,51,74,317,493,10.0,25,discrete_frechet_distance,{},4,21,0.07952510006725788,5.2197727002203465,5.299297800287604,True,True,60.384071246302604,10.413666234542209,3e8896a657d51e85f03eb1d0ea5f03fba1247f71768a8681fbb17fc9f7b3c34e,7fcc104a02cc377bae3a12a81d081db184922910164ae1e6e727a08ea407f44f,47150,47150,7178,3298,d7b9a9c321187ec8ce842342761e42d9f7db9de4b8c1105e3261228255500531
2014e5_to_2014e3,2014e5,2014e3,51,74,317,493,10.0,25,log_length_distortion,{},4,22,0.07942939968779683,0.3788946997374296,0.45832409942522645,True,True,2.070730693045043,0.2676413215683348,2fc548fbe1c51a5d8fa7025800b97ee8d1ddd1a48bbcc0ab5f26a25d3eb2479d,a82b8b1fed935f9d261d8a49eb153cff10a587d83ac57ef1a03764db88d0c196,47150,47150,7178,3298,3fbf044b3e295b873202ed276372dbb5362200edcfd68c3f35e4026d5ecf46b5
2014e5_to_2014e3,2014e5,2014e3,51,74,317,493,10.0,25,discrete_frechet_distance,{},2,23,0.07926429994404316,5.271174100227654,5.350438400171697,True,True,60.384071246302604,10.413666234542209,3e8896a657d51e85f03eb1d0ea5f03fba1247f71768a8681fbb17fc9f7b3c34e,7fcc104a02cc377bae3a12a81d081db184922910164ae1e6e727a08ea407f44f,47150,47150,7178,3298,d7b9a9c321187ec8ce842342761e42d9f7db9de4b8c1105e3261228255500531
2014e5_to_2014e3,2014e5,2014e3,51,74,317,493,10.0,25,symmetric_corridor_exceedance,{},5,24,0.0793503001332283,3.331585000269115,3.4109353004023433,True,True,0.0002433403717047259,0.0002433403717047259,88a7804c6fdb1b40bc9ec76d210b7e80a66eb30446f1d68c0b2ec1137cc834a7,88a7804c6fdb1b40bc9ec76d210b7e80a66eb30446f1d68c0b2ec1137cc834a7,47150,47150,7178,3298,3773603c00798f152927bd95f9a04b24f7a8d043f7c63a46c42ac6f382a4a2b8
2014e5_to_2014e3,2014e5,2014e3,51,74,317,493,10.0,25,relative_length_error,{},4,25,0.07976570026949048,0.373403400182724,0.4531691004522145,True,True,1.8758868395937165,0.23481781376518218,2ebde625c065b0dafa6e7a5256d830f405b4dfe86260c00863dc94d23dcaac85,4615b3234d7137eeb2aa44e1388a61cc6da60474921dd074fe1bcaaa239303ed,47150,47150,7178,3298,07816fd59781d10d2617fe81803d53dc3bfef00078c85c155bf8581eb4ad96d1
2014e5_to_2014e3,2014e5,2014e3,51,74,317,493,10.0,25,mean_distance_tangent,{},3,26,0.07919890014454722,3.295944500248879,3.3751434003934264,True,True,8.521050299465983,1.7046210250274694,faabd718c162c729e7d8be3a8da3f76b6c7027a3cf5479f276124927c5c107b5,ba8df31cc926bf97b5838df824f113053a516697276176200ea83def07986e53,47150,47150,7178,3298,7a37b18f43c9fca9aa7a918d051063dbf9ffcd351d75671577d478ecc5c23eb8
2014e5_to_2014e3,2014e5,2014e3,51,74,317,493,10.0,25,hausdorff_distance,{},4,27,0.0807765000499785,3.999527200125158,4.080303700175136,True,True,59.37520694654951,10.63014581273465,3e8896a657d51e85f03eb1d0ea5f03fba1247f71768a8681fbb17fc9f7b3c34e,5a52a02aebdedc9244c89502d589139fa741d2f15468be6af446958a3ba72485,47150,47150,7178,3298,ddde9a3b5da69edbf30fd5441e91b94d10f60425acfea0b22edcf483db433f35
2014e5_to_2014e3,2014e5,2014e3,51,74,317,493,10.0,25,log_length_distortion,{},3,28,0.08006419986486435,0.3769740001298487,0.45703819999471307,True,True,2.070730693045043,0.2676413215683348,2fc548fbe1c51a5d8fa7025800b97ee8d1ddd1a48bbcc0ab5f26a25d3eb2479d,a82b8b1fed935f9d261d8a49eb153cff10a587d83ac57ef1a03764db88d0c196,47150,47150,7178,3298,3fbf044b3e295b873202ed276372dbb5362200edcfd68c3f35e4026d5ecf46b5
2014e5_to_2014e3,2014e5,2014e3,51,74,317,493,10.0,25,symmetric_corridor_exceedance,{},3,29,0.07956979982554913,3.2728124000132084,3.3523821998387575,True,True,0.0002433403717047259,0.0002433403717047259,88a7804c6fdb1b40bc9ec76d210b7e80a66eb30446f1d68c0b2ec1137cc834a7,88a7804c6fdb1b40bc9ec76d210b7e80a66eb30446f1d68c0b2ec1137cc834a7,47150,47150,7178,3298,3773603c00798f152927bd95f9a04b24f7a8d043f7c63a46c42ac6f382a4a2b8
2014e5_to_2014e3,2014e5,2014e3,51,74,317,493,10.0,25,dynamic_time_warping_distance,{},3,30,0.08781850012019277,3.1091376999393106,3.1969562000595033,True,True,22.50345302695367,3.9595497685332948,3e8896a657d51e85f03eb1d0ea5f03fba1247f71768a8681fbb17fc9f7b3c34e,b9a31f27a7cdf8c8bcee19b66a7c482c85cfe449899c63c69ff18e50329d3873,47150,47150,7178,3298,87997e6c4e79ace0b22289009495745af75b2340d15262fde33d0c91a2fbad77
2014e5_to_2014e3,2014e5,2014e3,51,74,317,493,10.0,25,dynamic_time_warping_distance,{},4,31,0.08012529974803329,3.1074425000697374,3.1875677998177707,True,True,22.50345302695367,3.9595497685332948,3e8896a657d51e85f03eb1d0ea5f03fba1247f71768a8681fbb17fc9f7b3c34e,b9a31f27a7cdf8c8bcee19b66a7c482c85cfe449899c63c69ff18e50329d3873,47150,47150,7178,3298,87997e6c4e79ace0b22289009495745af75b2340d15262fde33d0c91a2fbad77
2014e5_to_2014e3,2014e5,2014e3,51,74,317,493,10.0,25,log_length_distortion,{},2,32,0.07920160004869103,0.3649297999218106,0.44413139997050166,True,True,2.070730693045043,0.2676413215683348,2fc548fbe1c51a5d8fa7025800b97ee8d1ddd1a48bbcc0ab5f26a25d3eb2479d,a82b8b1fed935f9d261d8a49eb153cff10a587d83ac57ef1a03764db88d0c196,47150,47150,7178,3298,3fbf044b3e295b873202ed276372dbb5362200edcfd68c3f35e4026d5ecf46b5
2014e5_to_2014e3,2014e5,2014e3,51,74,317,493,10.0,25,relative_length_error,{},5,33,0.07962450012564659,0.3710054000839591,0.4506299002096057,True,True,1.8758868395937165,0.23481781376518218,2ebde625c065b0dafa6e7a5256d830f405b4dfe86260c00863dc94d23dcaac85,4615b3234d7137eeb2aa44e1388a61cc6da60474921dd074fe1bcaaa239303ed,47150,47150,7178,3298,07816fd59781d10d2617fe81803d53dc3bfef00078c85c155bf8581eb4ad96d1
2014e5_to_2014e3,2014e5,2014e3,51,74,317,493,10.0,25,symmetric_corridor_exceedance,{},1,34,0.08154230006039143,3.270634200423956,3.3521765004843473,True,True,0.0002433403717047259,0.0002433403717047259,88a7804c6fdb1b40bc9ec76d210b7e80a66eb30446f1d68c0b2ec1137cc834a7,88a7804c6fdb1b40bc9ec76d210b7e80a66eb30446f1d68c0b2ec1137cc834a7,47150,47150,7178,3298,3773603c00798f152927bd95f9a04b24f7a8d043f7c63a46c42ac6f382a4a2b8
2014e5_to_2014e3,2014e5,2014e3,51,74,317,493,10.0,25,symmetric_corridor_exceedance,{},2,35,0.07935020001605153,3.2767195999622345,3.356069799978286,True,True,0.0002433403717047259,0.0002433403717047259,88a7804c6fdb1b40bc9ec76d210b7e80a66eb30446f1d68c0b2ec1137cc834a7,88a7804c6fdb1b40bc9ec76d210b7e80a66eb30446f1d68c0b2ec1137cc834a7,47150,47150,7178,3298,3773603c00798f152927bd95f9a04b24f7a8d043f7c63a46c42ac6f382a4a2b8
2014e5_to_1955e3,2014e5,1955e3,51,74,371,581,10.0,25,dynamic_time_warping_distance,{},4,1,0.10358860017731786,3.2143077002838254,3.3178963004611433,True,True,538.5987754570904,25.499228131746523,c49bb7ec3ffc93bd62e316fc819899c0aa2cad0968c87c1f47bfa11946db6dff,c4ce88bde0e5a4361d6eafdfdd287317dcc52edb5e934e97fa2bc7c3f31a4fd7,29639,29639,5710,2584,79a7ada721234ac838a3e0ab48cfe5fbf9419a001d9ffd3933a2191d4efca157
2014e5_to_1955e3,2014e5,1955e3,51,74,371,581,10.0,25,hausdorff_distance,{},3,2,0.10041890013962984,3.9343294999562204,4.03474840009585,True,True,907.4010467011683,28.792360097775937,1dab59a940bbdd90151197c79d108ee95600e55972db59ad5ac088ed8310514e,f162245d367a2df8371c2328f5b22dd050b81e2004791fbc1c6d2625999c0fc0,29639,29639,5710,2584,34bf6fee7ad1f0b9ee03faa01a68e763e0a6520ecd34599b796a68c5ccfe54ec
2014e5_to_1955e3,2014e5,1955e3,51,74,371,581,10.0,25,log_length_distortion,{},5,3,0.10386289982125163,0.2804310000501573,0.38429389987140894,True,True,13.878366161332586,1.1557707025080584,016189545b171818c3bd2d543bf6545e4c8026ad8adedd1d3766e813c7b9b3f0,884d45c9b6867f9118cfa1c366f1414220137c613c6c9f47d287ad891bcd4188,29639,29639,5710,2584,98615fd42aa204550e3dc5532e440806f2aa9cfcacf58bc9a5aa23f1f9f2a71d
2014e5_to_1955e3,2014e5,1955e3,51,74,371,581,10.0,25,dynamic_time_warping_distance,{},2,4,0.11486339988186955,3.2556266002357006,3.37049000011757,True,True,538.5987754570904,25.499228131746523,c49bb7ec3ffc93bd62e316fc819899c0aa2cad0968c87c1f47bfa11946db6dff,c4ce88bde0e5a4361d6eafdfdd287317dcc52edb5e934e97fa2bc7c3f31a4fd7,29639,29639,5710,2584,79a7ada721234ac838a3e0ab48cfe5fbf9419a001d9ffd3933a2191d4efca157
2014e5_to_1955e3,2014e5,1955e3,51,74,371,581,10.0,25,dynamic_time_warping_distance,{},3,5,0.10136719979345798,3.2528130998834968,3.3541802996769547,True,True,538.5987754570904,25.499228131746523,c49bb7ec3ffc93bd62e316fc819899c0aa2cad0968c87c1f47bfa11946db6dff,c4ce88bde0e5a4361d6eafdfdd287317dcc52edb5e934e97fa2bc7c3f31a4fd7,29639,29639,5710,2584,79a7ada721234ac838a3e0ab48cfe5fbf9419a001d9ffd3933a2191d4efca157
2014e5_to_1955e3,2014e5,1955e3,51,74,371,581,10.0,25,symmetric_corridor_exceedance,{},3,6,0.10694589978083968,3.417815300170332,3.524761199951172,True,True,2.84578817821866,0.5267043197409973,8175fcc6cbd03a8598d159ef57c03e6059d8be824340f34f51605bf2aea61ff7,cfec5c6fead674d7198be01eb51db30e8491501ed73dd72092b55534a70afc74,29639,29639,5710,2584,e2eb3e8845a6a289b024bc6f4e767369e8f1dd1954da2a111973f92a44991888
2014e5_to_1955e3,2014e5,1955e3,51,74,371,581,10.0,25,discrete_frechet_distance,{},2,7,0.13115959987044334,5.067261700052768,5.198421299923211,True,True,931.1438231139766,30.1769201618726,6c795ab424cd3f08191477d8f7e543cd86634b0f9c81727bb219c73d50b1e3ab,f3b43cefd1fc8e751969775cfb7f7cef334a7c83492ecd10003df3781f3f9e67,29639,29639,5710,2584,e1c06083982121a2d3f6d2dc665e6c7e23a086b87811275a7184533382de5eb2
2014e5_to_1955e3,2014e5,1955e3,51,74,371,581,10.0,25,log_length_distortion,{},4,8,0.10444970009848475,0.3631465001963079,0.46759620029479265,True,True,13.878366161332586,1.1557707025080584,016189545b171818c3bd2d543bf6545e4c8026ad8adedd1d3766e813c7b9b3f0,884d45c9b6867f9118cfa1c366f1414220137c613c6c9f47d287ad891bcd4188,29639,29639,5710,2584,98615fd42aa204550e3dc5532e440806f2aa9cfcacf58bc9a5aa23f1f9f2a71d
2014e5_to_1955e3,2014e5,1955e3,51,74,371,581,10.0,25,dynamic_time_warping_distance,{},1,9,0.15405770018696785,3.6572842998430133,3.811342000029981,True,True,538.5987754570904,25.499228131746523,c49bb7ec3ffc93bd62e316fc819899c0aa2cad0968c87c1f47bfa11946db6dff,c4ce88bde0e5a4361d6eafdfdd287317dcc52edb5e934e97fa2bc7c3f31a4fd7,29639,29639,5710,2584,79a7ada721234ac838a3e0ab48cfe5fbf9419a001d9ffd3933a2191d4efca157
2014e5_to_1955e3,2014e5,1955e3,51,74,371,581,10.0,25,mean_distance_tangent,{},2,10,0.10093999980017543,3.4008269999176264,3.501766999717802,True,True,337.122671052062,13.908859306644423,78bd21cb4a0f41256dac7edce5b28735481f1c31ac69df75e51f916468573c40,7cfbfbe11d456f230fc0daa1063f23d89f398ddebc4d7b0e14758ff4452c2fbf,29639,29639,5710,2584,6de9a1e6562a9afea9162e27613eea393c41d2a7894e13d019220616907566c6
2014e5_to_1955e3,2014e5,1955e3,51,74,371,581,10.0,25,hausdorff_distance,{},5,11,0.10754899960011244,3.968582700006664,4.076131699606776,True,True,907.4010467011683,28.792360097775937,1dab59a940bbdd90151197c79d108ee95600e55972db59ad5ac088ed8310514e,f162245d367a2df8371c2328f5b22dd050b81e2004791fbc1c6d2625999c0fc0,29639,29639,5710,2584,34bf6fee7ad1f0b9ee03faa01a68e763e0a6520ecd34599b796a68c5ccfe54ec
2014e5_to_1955e3,2014e5,1955e3,51,74,371,581,10.0,25,discrete_frechet_distance,{},5,12,0.10533729987218976,4.911490499973297,5.016827799845487,True,True,931.1438231139766,30.1769201618726,6c795ab424cd3f08191477d8f7e543cd86634b0f9c81727bb219c73d50b1e3ab,f3b43cefd1fc8e751969775cfb7f7cef334a7c83492ecd10003df3781f3f9e67,29639,29639,5710,2584,e1c06083982121a2d3f6d2dc665e6c7e23a086b87811275a7184533382de5eb2
2014e5_to_1955e3,2014e5,1955e3,51,74,371,581,10.0,25,symmetric_corridor_exceedance,{},1,13,0.11532370001077652,3.9227268998511136,4.03805059986189,True,True,2.84578817821866,0.5267043197409973,8175fcc6cbd03a8598d159ef57c03e6059d8be824340f34f51605bf2aea61ff7,cfec5c6fead674d7198be01eb51db30e8491501ed73dd72092b55534a70afc74,29639,29639,5710,2584,e2eb3e8845a6a289b024bc6f4e767369e8f1dd1954da2a111973f92a44991888
2014e5_to_1955e3,2014e5,1955e3,51,74,371,581,10.0,25,log_length_distortion,{},1,14,0.10559340007603168,0.42990570003166795,0.5354991001076996,True,True,13.878366161332586,1.1557707025080584,016189545b171818c3bd2d543bf6545e4c8026ad8adedd1d3766e813c7b9b3f0,884d45c9b6867f9118cfa1c366f1414220137c613c6c9f47d287ad891bcd4188,29639,29639,5710,2584,98615fd42aa204550e3dc5532e440806f2aa9cfcacf58bc9a5aa23f1f9f2a71d
2014e5_to_1955e3,2014e5,1955e3,51,74,371,581,10.0,25,mean_distance_tangent,{},4,15,0.1288260999135673,4.392385500017554,4.521211599931121,True,True,337.122671052062,13.908859306644423,78bd21cb4a0f41256dac7edce5b28735481f1c31ac69df75e51f916468573c40,7cfbfbe11d456f230fc0daa1063f23d89f398ddebc4d7b0e14758ff4452c2fbf,29639,29639,5710,2584,6de9a1e6562a9afea9162e27613eea393c41d2a7894e13d019220616907566c6
2014e5_to_1955e3,2014e5,1955e3,51,74,371,581,10.0,25,mean_distance_tangent,{},5,16,0.1122916997410357,3.7556751002557576,3.8679667999967933,True,True,337.122671052062,13.908859306644423,78bd21cb4a0f41256dac7edce5b28735481f1c31ac69df75e51f916468573c40,7cfbfbe11d456f230fc0daa1063f23d89f398ddebc4d7b0e14758ff4452c2fbf,29639,29639,5710,2584,6de9a1e6562a9afea9162e27613eea393c41d2a7894e13d019220616907566c6
2014e5_to_1955e3,2014e5,1955e3,51,74,371,581,10.0,25,symmetric_corridor_exceedance,{},2,17,0.12148380000144243,3.7324749999679625,3.853958799969405,True,True,2.84578817821866,0.5267043197409973,8175fcc6cbd03a8598d159ef57c03e6059d8be824340f34f51605bf2aea61ff7,cfec5c6fead674d7198be01eb51db30e8491501ed73dd72092b55534a70afc74,29639,29639,5710,2584,e2eb3e8845a6a289b024bc6f4e767369e8f1dd1954da2a111973f92a44991888
2014e5_to_1955e3,2014e5,1955e3,51,74,371,581,10.0,25,discrete_frechet_distance,{},3,18,0.1048656003549695,5.294358799699694,5.399224400054663,True,True,931.1438231139766,30.1769201618726,6c795ab424cd3f08191477d8f7e543cd86634b0f9c81727bb219c73d50b1e3ab,f3b43cefd1fc8e751969775cfb7f7cef334a7c83492ecd10003df3781f3f9e67,29639,29639,5710,2584,e1c06083982121a2d3f6d2dc665e6c7e23a086b87811275a7184533382de5eb2
2014e5_to_1955e3,2014e5,1955e3,51,74,371,581,10.0,25,hausdorff_distance,{},2,19,0.1178091000765562,4.409624599851668,4.527433699928224,True,True,907.4010467011683,28.792360097775937,1dab59a940bbdd90151197c79d108ee95600e55972db59ad5ac088ed8310514e,f162245d367a2df8371c2328f5b22dd050b81e2004791fbc1c6d2625999c0fc0,29639,29639,5710,2584,34bf6fee7ad1f0b9ee03faa01a68e763e0a6520ecd34599b796a68c5ccfe54ec
2014e5_to_1955e3,2014e5,1955e3,51,74,371,581,10.0,25,relative_length_error,{},5,20,0.10311560006812215,0.2985086999833584,0.40162430005148053,True,True,15.481075431958534,2.176470588235294,94d387975b84189dcc23061928c06f34737f2e1eebd8760843ab1640e8d6e3cc,0ce5110218be40c51678daa24e5f4c891799efc95c13c7bc6c20a007bc5fb36f,29639,29639,5710,2584,28fc54a1bca88ff4eab9bb31d1e6bfbf2ce41a1bd92bf87d5f571bfeb4094576
2014e5_to_1955e3,2014e5,1955e3,51,74,371,581,10.0,25,relative_length_error,{},4,21,0.1113518001511693,0.3050413001328707,0.41639310028404,True,True,15.481075431958534,2.176470588235294,94d387975b84189dcc23061928c06f34737f2e1eebd8760843ab1640e8d6e3cc,0ce5110218be40c51678daa24e5f4c891799efc95c13c7bc6c20a007bc5fb36f,29639,29639,5710,2584,28fc54a1bca88ff4eab9bb31d1e6bfbf2ce41a1bd92bf87d5f571bfeb4094576
2014e5_to_1955e3,2014e5,1955e3,51,74,371,581,10.0,25,hausdorff_distance,{},1,22,0.1141471997834742,4.3973460998386145,4.511493299622089,True,True,907.4010467011683,28.792360097775937,1dab59a940bbdd90151197c79d108ee95600e55972db59ad5ac088ed8310514e,f162245d367a2df8371c2328f5b22dd050b81e2004791fbc1c6d2625999c0fc0,29639,29639,5710,2584,34bf6fee7ad1f0b9ee03faa01a68e763e0a6520ecd34599b796a68c5ccfe54ec
2014e5_to_1955e3,2014e5,1955e3,51,74,371,581,10.0,25,symmetric_corridor_exceedance,{},5,23,0.11392050003632903,3.6301636998541653,3.7440841998904943,True,True,2.84578817821866,0.5267043197409973,8175fcc6cbd03a8598d159ef57c03e6059d8be824340f34f51605bf2aea61ff7,cfec5c6fead674d7198be01eb51db30e8491501ed73dd72092b55534a70afc74,29639,29639,5710,2584,e2eb3e8845a6a289b024bc6f4e767369e8f1dd1954da2a111973f92a44991888
2014e5_to_1955e3,2014e5,1955e3,51,74,371,581,10.0,25,relative_length_error,{},3,24,0.11963370023295283,0.3057852000929415,0.42541890032589436,True,True,15.481075431958534,2.176470588235294,94d387975b84189dcc23061928c06f34737f2e1eebd8760843ab1640e8d6e3cc,0ce5110218be40c51678daa24e5f4c891799efc95c13c7bc6c20a007bc5fb36f,29639,29639,5710,2584,28fc54a1bca88ff4eab9bb31d1e6bfbf2ce41a1bd92bf87d5f571bfeb4094576
2014e5_to_1955e3,2014e5,1955e3,51,74,371,581,10.0,25,log_length_distortion,{},3,25,0.12775029987096786,0.2944906000047922,0.4222408998757601,True,True,13.878366161332586,1.1557707025080584,016189545b171818c3bd2d543bf6545e4c8026ad8adedd1d3766e813c7b9b3f0,884d45c9b6867f9118cfa1c366f1414220137c613c6c9f47d287ad891bcd4188,29639,29639,5710,2584,98615fd42aa204550e3dc5532e440806f2aa9cfcacf58bc9a5aa23f1f9f2a71d
2014e5_to_1955e3,2014e5,1955e3,51,74,371,581,10.0,25,log_length_distortion,{},2,26,0.10987249994650483,0.2843281999230385,0.3942006998695433,True,True,13.878366161332586,1.1557707025080584,016189545b171818c3bd2d543bf6545e4c8026ad8adedd1d3766e813c7b9b3f0,884d45c9b6867f9118cfa1c366f1414220137c613c6c9f47d287ad891bcd4188,29639,29639,5710,2584,98615fd42aa204550e3dc5532e440806f2aa9cfcacf58bc9a5aa23f1f9f2a71d
2014e5_to_1955e3,2014e5,1955e3,51,74,371,581,10.0,25,mean_distance_tangent,{},1,27,0.12066189991310239,3.710640599951148,3.8313024998642504,True,True,337.122671052062,13.908859306644423,78bd21cb4a0f41256dac7edce5b28735481f1c31ac69df75e51f916468573c40,7cfbfbe11d456f230fc0daa1063f23d89f398ddebc4d7b0e14758ff4452c2fbf,29639,29639,5710,2584,6de9a1e6562a9afea9162e27613eea393c41d2a7894e13d019220616907566c6
2014e5_to_1955e3,2014e5,1955e3,51,74,371,581,10.0,25,discrete_frechet_distance,{},1,28,0.1158682000823319,5.625704600010067,5.741572800092399,True,True,931.1438231139766,30.1769201618726,6c795ab424cd3f08191477d8f7e543cd86634b0f9c81727bb219c73d50b1e3ab,f3b43cefd1fc8e751969775cfb7f7cef334a7c83492ecd10003df3781f3f9e67,29639,29639,5710,2584,e1c06083982121a2d3f6d2dc665e6c7e23a086b87811275a7184533382de5eb2
2014e5_to_1955e3,2014e5,1955e3,51,74,371,581,10.0,25,hausdorff_distance,{},4,29,0.12205820018425584,4.234467099886388,4.356525300070643,True,True,907.4010467011683,28.792360097775937,1dab59a940bbdd90151197c79d108ee95600e55972db59ad5ac088ed8310514e,f162245d367a2df8371c2328f5b22dd050b81e2004791fbc1c6d2625999c0fc0,29639,29639,5710,2584,34bf6fee7ad1f0b9ee03faa01a68e763e0a6520ecd34599b796a68c5ccfe54ec
2014e5_to_1955e3,2014e5,1955e3,51,74,371,581,10.0,25,relative_length_error,{},2,30,0.13115249993279576,0.31520939990878105,0.4463618998415768,True,True,15.481075431958534,2.176470588235294,94d387975b84189dcc23061928c06f34737f2e1eebd8760843ab1640e8d6e3cc,0ce5110218be40c51678daa24e5f4c891799efc95c13c7bc6c20a007bc5fb36f,29639,29639,5710,2584,28fc54a1bca88ff4eab9bb31d1e6bfbf2ce41a1bd92bf87d5f571bfeb4094576
2014e5_to_1955e3,2014e5,1955e3,51,74,371,581,10.0,25,discrete_frechet_distance,{},4,31,0.12389109982177615,5.391369100194424,5.5152602000162005,True,True,931.1438231139766,30.1769201618726,6c795ab424cd3f08191477d8f7e543cd86634b0f9c81727bb219c73d50b1e3ab,f3b43cefd1fc8e751969775cfb7f7cef334a7c83492ecd10003df3781f3f9e67,29639,29639,5710,2584,e1c06083982121a2d3f6d2dc665e6c7e23a086b87811275a7184533382de5eb2
2014e5_to_1955e3,2014e5,1955e3,51,74,371,581,10.0,25,dynamic_time_warping_distance,{},5,32,0.10979220038279891,3.539538299664855,3.649330500047654,True,True,538.5987754570904,25.499228131746523,c49bb7ec3ffc93bd62e316fc819899c0aa2cad0968c87c1f47bfa11946db6dff,c4ce88bde0e5a4361d6eafdfdd287317dcc52edb5e934e97fa2bc7c3f31a4fd7,29639,29639,5710,2584,79a7ada721234ac838a3e0ab48cfe5fbf9419a001d9ffd3933a2191d4efca157
2014e5_to_1955e3,2014e5,1955e3,51,74,371,581,10.0,25,mean_distance_tangent,{},3,33,0.11806049989536405,3.907314400188625,4.025374900083989,True,True,337.122671052062,13.908859306644423,78bd21cb4a0f41256dac7edce5b28735481f1c31ac69df75e51f916468573c40,7cfbfbe11d456f230fc0daa1063f23d89f398ddebc4d7b0e14758ff4452c2fbf,29639,29639,5710,2584,6de9a1e6562a9afea9162e27613eea393c41d2a7894e13d019220616907566c6
2014e5_to_1955e3,2014e5,1955e3,51,74,371,581,10.0,25,symmetric_corridor_exceedance,{},4,34,0.12946090009063482,3.6058085998520255,3.7352694999426603,True,True,2.84578817821866,0.5267043197409973,8175fcc6cbd03a8598d159ef57c03e6059d8be824340f34f51605bf2aea61ff7,cfec5c6fead674d7198be01eb51db30e8491501ed73dd72092b55534a70afc74,29639,29639,5710,2584,e2eb3e8845a6a289b024bc6f4e767369e8f1dd1954da2a111973f92a44991888
2014e5_to_1955e3,2014e5,1955e3,51,74,371,581,10.0,25,relative_length_error,{},1,35,0.11700859991833568,0.3456522999331355,0.4626608998514712,True,True,15.481075431958534,2.176470588235294,94d387975b84189dcc23061928c06f34737f2e1eebd8760843ab1640e8d6e3cc,0ce5110218be40c51678daa24e5f4c891799efc95c13c7bc6c20a007bc5fb36f,29639,29639,5710,2584,28fc54a1bca88ff4eab9bb31d1e6bfbf2ce41a1bd92bf87d5f571bfeb4094576
2014e5_to_1955e5,2014e5,1955e5,51,74,70,103,12.5,25,dynamic_time_warping_distance,{},1,1,0.0316735003143549,0.8379191998392344,0.8695927001535892,True,True,1274.5148516573697,56.95507772328108,089dccaf0587fb8f44a15d6b8721cc5da885e2cf171fb1bbb08bf296e577e966,06059b844b1d8960fc701c4829abf470917f2ed2df1081de6511fc5b3882d6fc,6561,6561,1800,967,5e994f750a6bf5c821fe55562d0942c1e6cf14c50071eac55b56801029f4a5b2
2014e5_to_1955e5,2014e5,1955e5,51,74,70,103,12.5,25,discrete_frechet_distance,{},3,2,0.028105999808758497,1.5037096999585629,1.5318156997673213,True,True,2169.4313566853925,84.92938243034621,fee2e76edcbe6ac95fd873ce7d57895ceaac249cbb3a378c5fac9c3b08717b1c,0d8d85833a7d95a220da405bc17dc634d3e9b2d06ac7b292def09240313a0596,6561,6561,1800,967,9633de429d2afcc3d14fab8ed63a2cf4166284ecedef38b55070a8ea72295bd0
2014e5_to_1955e5,2014e5,1955e5,51,74,70,103,12.5,25,mean_distance_tangent,{},4,3,0.02689679991453886,0.8275562999770045,0.8544530998915434,True,True,678.448334975591,24.206262949259425,da329325e8c46e882977ca9f84cbcfbfc572e1eb2c9e273c405e61ac325fa6cc,04ecf60801076354e21e0efe3787edd93f4e744a85681397eb7233672cbb9f5b,6561,6561,1800,967,402e0e641b84bb886bd1c8d98c88e77a9f5449fbba9d2964b4fec10afe530303
2014e5_to_1955e5,2014e5,1955e5,51,74,70,103,12.5,25,log_length_distortion,{},1,4,0.022972399834543467,0.09403220005333424,0.1170045998878777,True,True,37.560163377723114,3.7316994512968646,45cf45f8489c89fecd53b0d8e250a5ebd9682dd0208fe3df1e0435b5544806ed,9a69c6ccc40c4455898f0097ac5033c5e75aa8b2930d0dfa0e5a66f38989d1fd,6561,6561,1800,967,3213e97fad33177359da220049689569dfc1b6ed590efc2f0d029a9d7f895926
2014e5_to_1955e5,2014e5,1955e5,51,74,70,103,12.5,25,hausdorff_distance,{},5,5,0.02491850033402443,1.059912399854511,1.0848309001885355,True,True,2075.543485851443,84.92938243034621,f86b99a416969a5e243c897ccffee181a6c1f22cc6f87f744741eceb22f9c7bb,191963a553ffe90d18b8f19998f5cdd555c91c3e4ec4f0709275a48a45c153cb,6561,6561,1800,967,7fa6289f0855db1632f74388c6d380f6e552a5c11a2bc104e9b24b082c9aa40d
2014e5_to_1955e5,2014e5,1955e5,51,74,70,103,12.5,25,hausdorff_distance,{},3,6,0.025149000342935324,1.1050786999985576,1.130227700341493,True,True,2075.543485851443,84.92938243034621,f86b99a416969a5e243c897ccffee181a6c1f22cc6f87f744741eceb22f9c7bb,191963a553ffe90d18b8f19998f5cdd555c91c3e4ec4f0709275a48a45c153cb,6561,6561,1800,967,7fa6289f0855db1632f74388c6d380f6e552a5c11a2bc104e9b24b082c9aa40d
2014e5_to_1955e5,2014e5,1955e5,51,74,70,103,12.5,25,dynamic_time_warping_distance,{},3,7,0.024812399875372648,0.7776947002857924,0.802507100161165,True,True,1274.5148516573697,56.95507772328108,089dccaf0587fb8f44a15d6b8721cc5da885e2cf171fb1bbb08bf296e577e966,06059b844b1d8960fc701c4829abf470917f2ed2df1081de6511fc5b3882d6fc,6561,6561,1800,967,5e994f750a6bf5c821fe55562d0942c1e6cf14c50071eac55b56801029f4a5b2
2014e5_to_1955e5,2014e5,1955e5,51,74,70,103,12.5,25,symmetric_corridor_exceedance,{},1,8,0.02417209977284074,0.8218992003239691,0.8460713000968099,True,True,23.91889014722137,1.609341791640779,c7bd58dbcec5ce95d96997becba26e52c1418b262a4eef8d3d4988fa5ddc7326,60e9d6cbef9c24e893e316ae9ada90cb145179f43a576f5cab18891548ddd652,6561,6561,1800,967,fa8b6f8ab7eb0d3121c8ab3de3f4cd94fea7f09858d32babcec844aabe33f20b
2014e5_to_1955e5,2014e5,1955e5,51,74,70,103,12.5,25,symmetric_corridor_exceedance,{},3,9,0.032998399809002876,0.9756419998593628,1.0086403996683657,True,True,23.91889014722137,1.609341791640779,c7bd58dbcec5ce95d96997becba26e52c1418b262a4eef8d3d4988fa5ddc7326,60e9d6cbef9c24e893e316ae9ada90cb145179f43a576f5cab18891548ddd652,6561,6561,1800,967,fa8b6f8ab7eb0d3121c8ab3de3f4cd94fea7f09858d32babcec844aabe33f20b
2014e5_to_1955e5,2014e5,1955e5,51,74,70,103,12.5,25,dynamic_time_warping_distance,{},5,10,0.029293200001120567,0.9489557999186218,0.9782489999197423,True,True,1274.5148516573697,56.95507772328108,089dccaf0587fb8f44a15d6b8721cc5da885e2cf171fb1bbb08bf296e577e966,06059b844b1d8960fc701c4829abf470917f2ed2df1081de6511fc5b3882d6fc,6561,6561,1800,967,5e994f750a6bf5c821fe55562d0942c1e6cf14c50071eac55b56801029f4a5b2
2014e5_to_1955e5,2014e5,1955e5,51,74,70,103,12.5,25,discrete_frechet_distance,{},2,11,0.03395109996199608,1.6776578002609313,1.7116089002229273,True,True,2169.4313566853925,84.92938243034621,fee2e76edcbe6ac95fd873ce7d57895ceaac249cbb3a378c5fac9c3b08717b1c,0d8d85833a7d95a220da405bc17dc634d3e9b2d06ac7b292def09240313a0596,6561,6561,1800,967,9633de429d2afcc3d14fab8ed63a2cf4166284ecedef38b55070a8ea72295bd0
2014e5_to_1955e5,2014e5,1955e5,51,74,70,103,12.5,25,discrete_frechet_distance,{},1,12,0.030286199878901243,1.682403199840337,1.7126893997192383,True,True,2169.4313566853925,84.92938243034621,fee2e76edcbe6ac95fd873ce7d57895ceaac249cbb3a378c5fac9c3b08717b1c,0d8d85833a7d95a220da405bc17dc634d3e9b2d06ac7b292def09240313a0596,6561,6561,1800,967,9633de429d2afcc3d14fab8ed63a2cf4166284ecedef38b55070a8ea72295bd0
2014e5_to_1955e5,2014e5,1955e5,51,74,70,103,12.5,25,mean_distance_tangent,{},1,13,0.03211970021948218,0.9531560000032187,0.9852757002227008,True,True,678.448334975591,24.206262949259425,da329325e8c46e882977ca9f84cbcfbfc572e1eb2c9e273c405e61ac325fa6cc,04ecf60801076354e21e0efe3787edd93f4e744a85681397eb7233672cbb9f5b,6561,6561,1800,967,402e0e641b84bb886bd1c8d98c88e77a9f5449fbba9d2964b4fec10afe530303
2014e5_to_1955e5,2014e5,1955e5,51,74,70,103,12.5,25,log_length_distortion,{},2,14,0.03136310027912259,0.10700720036402345,0.13837030064314604,True,True,37.560163377723114,3.7316994512968646,45cf45f8489c89fecd53b0d8e250a5ebd9682dd0208fe3df1e0435b5544806ed,9a69c6ccc40c4455898f0097ac5033c5e75aa8b2930d0dfa0e5a66f38989d1fd,6561,6561,1800,967,3213e97fad33177359da220049689569dfc1b6ed590efc2f0d029a9d7f895926
2014e5_to_1955e5,2014e5,1955e5,51,74,70,103,12.5,25,relative_length_error,{},5,15,0.029211100190877914,0.11870509991422296,0.14791620010510087,True,True,93.34791008155504,40.75,d365e6a0220755d7c2a469de56985425f0bee2a122057381475f0c7b119b2fa4,9fed709f8c7a06be267fd3c1567225e0d514ca6e1169ec42b4939e0f9920713f,6561,6561,1800,967,7daec1a3f987b9d13e13b458e9b25457dd5a19343ad9d6387b56772b00adc3c1
2014e5_to_1955e5,2014e5,1955e5,51,74,70,103,12.5,25,discrete_frechet_distance,{},5,16,0.028653299901634455,1.594790400005877,1.6234436999075115,True,True,2169.4313566853925,84.92938243034621,fee2e76edcbe6ac95fd873ce7d57895ceaac249cbb3a378c5fac9c3b08717b1c,0d8d85833a7d95a220da405bc17dc634d3e9b2d06ac7b292def09240313a0596,6561,6561,1800,967,9633de429d2afcc3d14fab8ed63a2cf4166284ecedef38b55070a8ea72295bd0
2014e5_to_1955e5,2014e5,1955e5,51,74,70,103,12.5,25,discrete_frechet_distance,{},4,17,0.04296380002051592,1.71459240000695,1.7575562000274658,True,True,2169.4313566853925,84.92938243034621,fee2e76edcbe6ac95fd873ce7d57895ceaac249cbb3a378c5fac9c3b08717b1c,0d8d85833a7d95a220da405bc17dc634d3e9b2d06ac7b292def09240313a0596,6561,6561,1800,967,9633de429d2afcc3d14fab8ed63a2cf4166284ecedef38b55070a8ea72295bd0
2014e5_to_1955e5,2014e5,1955e5,51,74,70,103,12.5,25,relative_length_error,{},1,18,0.031084000132977962,0.1078341999091208,0.13891820004209876,True,True,93.34791008155504,40.75,d365e6a0220755d7c2a469de56985425f0bee2a122057381475f0c7b119b2fa4,9fed709f8c7a06be267fd3c1567225e0d514ca6e1169ec42b4939e0f9920713f,6561,6561,1800,967,7daec1a3f987b9d13e13b458e9b25457dd5a19343ad9d6387b56772b00adc3c1
2014e5_to_1955e5,2014e5,1955e5,51,74,70,103,12.5,25,hausdorff_distance,{},4,19,0.030165900010615587,1.3478806000202894,1.378046500030905,True,True,2075.543485851443,84.92938243034621,f86b99a416969a5e243c897ccffee181a6c1f22cc6f87f744741eceb22f9c7bb,191963a553ffe90d18b8f19998f5cdd555c91c3e4ec4f0709275a48a45c153cb,6561,6561,1800,967,7fa6289f0855db1632f74388c6d380f6e552a5c11a2bc104e9b24b082c9aa40d
2014e5_to_1955e5,2014e5,1955e5,51,74,70,103,12.5,25,dynamic_time_warping_distance,{},4,20,0.030194399878382683,0.8992228000424802,0.9294171999208629,True,True,1274.5148516573697,56.95507772328108,089dccaf0587fb8f44a15d6b8721cc5da885e2cf171fb1bbb08bf296e577e966,06059b844b1d8960fc701c4829abf470917f2ed2df1081de6511fc5b3882d6fc,6561,6561,1800,967,5e994f750a6bf5c821fe55562d0942c1e6cf14c50071eac55b56801029f4a5b2
2014e5_to_1955e5,2014e5,1955e5,51,74,70,103,12.5,25,relative_length_error,{},3,21,0.02552989963442087,0.10027359984815121,0.12580349948257208,True,True,93.34791008155504,40.75,d365e6a0220755d7c2a469de56985425f0bee2a122057381475f0c7b119b2fa4,9fed709f8c7a06be267fd3c1567225e0d514ca6e1169ec42b4939e0f9920713f,6561,6561,1800,967,7daec1a3f987b9d13e13b458e9b25457dd5a19343ad9d6387b56772b00adc3c1
2014e5_to_1955e5,2014e5,1955e5,51,74,70,103,12.5,25,relative_length_error,{},4,22,0.027424400206655264,0.10010559996590018,0.12753000017255545,True,True,93.34791008155504,40.75,d365e6a0220755d7c2a469de56985425f0bee2a122057381475f0c7b119b2fa4,9fed709f8c7a06be267fd3c1567225e0d514ca6e1169ec42b4939e0f9920713f,6561,6561,1800,967,7daec1a3f987b9d13e13b458e9b25457dd5a19343ad9d6387b56772b00adc3c1
2014e5_to_1955e5,2014e5,1955e5,51,74,70,103,12.5,25,log_length_distortion,{},3,23,0.027572200167924166,0.10039729997515678,0.12796950014308095,True,True,37.560163377723114,3.7316994512968646,45cf45f8489c89fecd53b0d8e250a5ebd9682dd0208fe3df1e0435b5544806ed,9a69c6ccc40c4455898f0097ac5033c5e75aa8b2930d0dfa0e5a66f38989d1fd,6561,6561,1800,967,3213e97fad33177359da220049689569dfc1b6ed590efc2f0d029a9d7f895926
2014e5_to_1955e5,2014e5,1955e5,51,74,70,103,12.5,25,symmetric_corridor_exceedance,{},4,24,0.028021099977195263,0.9058034000918269,0.9338245000690222,True,True,23.91889014722137,1.609341791640779,c7bd58dbcec5ce95d96997becba26e52c1418b262a4eef8d3d4988fa5ddc7326,60e9d6cbef9c24e893e316ae9ada90cb145179f43a576f5cab18891548ddd652,6561,6561,1800,967,fa8b6f8ab7eb0d3121c8ab3de3f4cd94fea7f09858d32babcec844aabe33f20b
2014e5_to_1955e5,2014e5,1955e5,51,74,70,103,12.5,25,mean_distance_tangent,{},5,25,0.02559240022674203,0.9631821000948548,0.9887745003215969,True,True,678.448334975591,24.206262949259425,da329325e8c46e882977ca9f84cbcfbfc572e1eb2c9e273c405e61ac325fa6cc,04ecf60801076354e21e0efe3787edd93f4e744a85681397eb7233672cbb9f5b,6561,6561,1800,967,402e0e641b84bb886bd1c8d98c88e77a9f5449fbba9d2964b4fec10afe530303
2014e5_to_1955e5,2014e5,1955e5,51,74,70,103,12.5,25,hausdorff_distance,{},1,26,0.0235470999032259,1.059314999729395,1.0828620996326208,True,True,2075.543485851443,84.92938243034621,f86b99a416969a5e243c897ccffee181a6c1f22cc6f87f744741eceb22f9c7bb,191963a553ffe90d18b8f19998f5cdd555c91c3e4ec4f0709275a48a45c153cb,6561,6561,1800,967,7fa6289f0855db1632f74388c6d380f6e552a5c11a2bc104e9b24b082c9aa40d
2014e5_to_1955e5,2014e5,1955e5,51,74,70,103,12.5,25,mean_distance_tangent,{},3,27,0.024776500184088945,0.8565251999534667,0.8813017001375556,True,True,678.448334975591,24.206262949259425,da329325e8c46e882977ca9f84cbcfbfc572e1eb2c9e273c405e61ac325fa6cc,04ecf60801076354e21e0efe3787edd93f4e744a85681397eb7233672cbb9f5b,6561,6561,1800,967,402e0e641b84bb886bd1c8d98c88e77a9f5449fbba9d2964b4fec10afe530303
2014e5_to_1955e5,2014e5,1955e5,51,74,70,103,12.5,25,symmetric_corridor_exceedance,{},2,28,0.023617500439286232,0.9197160000912845,0.9433335005305707,True,True,23.91889014722137,1.609341791640779,c7bd58dbcec5ce95d96997becba26e52c1418b262a4eef8d3d4988fa5ddc7326,60e9d6cbef9c24e893e316ae9ada90cb145179f43a576f5cab18891548ddd652,6561,6561,1800,967,fa8b6f8ab7eb0d3121c8ab3de3f4cd94fea7f09858d32babcec844aabe33f20b
2014e5_to_1955e5,2014e5,1955e5,51,74,70,103,12.5,25,log_length_distortion,{},5,29,0.023239499889314175,0.09206579998135567,0.11530529987066984,True,True,37.560163377723114,3.7316994512968646,45cf45f8489c89fecd53b0d8e250a5ebd9682dd0208fe3df1e0435b5544806ed,9a69c6ccc40c4455898f0097ac5033c5e75aa8b2930d0dfa0e5a66f38989d1fd,6561,6561,1800,967,3213e97fad33177359da220049689569dfc1b6ed590efc2f0d029a9d7f895926
2014e5_to_1955e5,2014e5,1955e5,51,74,70,103,12.5,25,symmetric_corridor_exceedance,{},5,30,0.02478199964389205,0.8322743996977806,0.8570563993416727,True,True,23.91889014722137,1.609341791640779,c7bd58dbcec5ce95d96997becba26e52c1418b262a4eef8d3d4988fa5ddc7326,60e9d6cbef9c24e893e316ae9ada90cb145179f43a576f5cab18891548ddd652,6561,6561,1800,967,fa8b6f8ab7eb0d3121c8ab3de3f4cd94fea7f09858d32babcec844aabe33f20b
2014e5_to_1955e5,2014e5,1955e5,51,74,70,103,12.5,25,log_length_distortion,{},4,31,0.02376400027424097,0.09092589979991317,0.11468990007415414,True,True,37.560163377723114,3.7316994512968646,45cf45f8489c89fecd53b0d8e250a5ebd9682dd0208fe3df1e0435b5544806ed,9a69c6ccc40c4455898f0097ac5033c5e75aa8b2930d0dfa0e5a66f38989d1fd,6561,6561,1800,967,3213e97fad33177359da220049689569dfc1b6ed590efc2f0d029a9d7f895926
2014e5_to_1955e5,2014e5,1955e5,51,74,70,103,12.5,25,mean_distance_tangent,{},2,32,0.024118400178849697,0.8322562999092042,0.8563747000880539,True,True,678.448334975591,24.206262949259425,da329325e8c46e882977ca9f84cbcfbfc572e1eb2c9e273c405e61ac325fa6cc,04ecf60801076354e21e0efe3787edd93f4e744a85681397eb7233672cbb9f5b,6561,6561,1800,967,402e0e641b84bb886bd1c8d98c88e77a9f5449fbba9d2964b4fec10afe530303
2014e5_to_1955e5,2014e5,1955e5,51,74,70,103,12.5,25,hausdorff_distance,{},2,33,0.023532300256192684,1.0608926001004875,1.0844249003566802,True,True,2075.543485851443,84.92938243034621,f86b99a416969a5e243c897ccffee181a6c1f22cc6f87f744741eceb22f9c7bb,191963a553ffe90d18b8f19998f5cdd555c91c3e4ec4f0709275a48a45c153cb,6561,6561,1800,967,7fa6289f0855db1632f74388c6d380f6e552a5c11a2bc104e9b24b082c9aa40d
2014e5_to_1955e5,2014e5,1955e5,51,74,70,103,12.5,25,relative_length_error,{},2,34,0.030603399965912104,0.0994565999135375,0.1300599998794496,True,True,93.34791008155504,40.75,d365e6a0220755d7c2a469de56985425f0bee2a122057381475f0c7b119b2fa4,9fed709f8c7a06be267fd3c1567225e0d514ca6e1169ec42b4939e0f9920713f,6561,6561,1800,967,7daec1a3f987b9d13e13b458e9b25457dd5a19343ad9d6387b56772b00adc3c1
2014e5_to_1955e5,2014e5,1955e5,51,74,70,103,12.5,25,dynamic_time_warping_distance,{},2,35,0.026038899552077055,0.7471741000190377,0.7732129995711148,True,True,1274.5148516573697,56.95507772328108,089dccaf0587fb8f44a15d6b8721cc5da885e2cf171fb1bbb08bf296e577e966,06059b844b1d8960fc701c4829abf470917f2ed2df1081de6511fc5b3882d6fc,6561,6561,1800,967,5e994f750a6bf5c821fe55562d0942c1e6cf14c50071eac55b56801029f4a5b2
1998e3_to_1955e3,1998e3,1955e3,321,509,371,581,12.5,25,relative_length_error,{},5,1,0.20635350001975894,48.54418790014461,48.750541400164366,True,True,411.18168549112136,20.666666666666668,fe349259fdca57fce51d5035a9a6c7c84f87fb79a5b6230b96e76a3dcc5a8831,b74faf8ad3f8128d58799ade1bbc7cb215de3c763003d2f1f748ea3cda5fe923,5927186,5927186,547849,25227,7115316792150de1cfba9d9d2bb33ce342c7e75b74316d39983311964c3e6260
1998e3_to_1955e3,1998e3,1955e3,321,509,371,581,12.5,25,relative_length_error,{},2,2,0.22042400017380714,48.3069719998166,48.527395999990404,True,True,411.18168549112136,20.666666666666668,fe349259fdca57fce51d5035a9a6c7c84f87fb79a5b6230b96e76a3dcc5a8831,b74faf8ad3f8128d58799ade1bbc7cb215de3c763003d2f1f748ea3cda5fe923,5927186,5927186,547849,25227,7115316792150de1cfba9d9d2bb33ce342c7e75b74316d39983311964c3e6260
1998e3_to_1955e3,1998e3,1955e3,321,509,371,581,12.5,25,relative_length_error,{},3,3,0.23604779969900846,44.05654580006376,44.29259359976277,True,True,411.18168549112136,20.666666666666668,fe349259fdca57fce51d5035a9a6c7c84f87fb79a5b6230b96e76a3dcc5a8831,b74faf8ad3f8128d58799ade1bbc7cb215de3c763003d2f1f748ea3cda5fe923,5927186,5927186,547849,25227,7115316792150de1cfba9d9d2bb33ce342c7e75b74316d39983311964c3e6260
1998e3_to_1955e3,1998e3,1955e3,321,509,371,581,12.5,25,relative_length_error,{},1,4,0.19493760028854012,45.996947600040585,46.191885200329125,True,True,411.18168549112136,20.666666666666668,fe349259fdca57fce51d5035a9a6c7c84f87fb79a5b6230b96e76a3dcc5a8831,b74faf8ad3f8128d58799ade1bbc7cb215de3c763003d2f1f748ea3cda5fe923,5927186,5927186,547849,25227,7115316792150de1cfba9d9d2bb33ce342c7e75b74316d39983311964c3e6260
1998e3_to_1955e3,1998e3,1955e3,321,509,371,581,12.5,25,relative_length_error,{},4,5,0.19310269970446825,49.33020639978349,49.52330909948796,True,True,411.18168549112136,20.666666666666668,fe349259fdca57fce51d5035a9a6c7c84f87fb79a5b6230b96e76a3dcc5a8831,b74faf8ad3f8128d58799ade1bbc7cb215de3c763003d2f1f748ea3cda5fe923,5927186,5927186,547849,25227,7115316792150de1cfba9d9d2bb33ce342c7e75b74316d39983311964c3e6260
