candidate_semantics,source,target,source_vertices,source_edges,target_junction_vertices,target_junction_edges,candidate_mode,minimum_rho,top_k,subdivision_points,adaptive_max_points_per_source,adaptive_min_separation,matching_target_vertices,matching_target_edges,total_candidates,minimum_candidates,maximum_candidates,estimated_state_upper_bound,largest_candidate_product,search_seconds,status
baseline_junctions_plus_mode_additions_v2,1955e11,1955e3,2,1,371,581,target_junctions,0,25,2,8,1.0,371,581,4,2,2,4,4,3.664871,ok
baseline_junctions_plus_mode_additions_v2,1955e11,1955e3,2,1,371,581,original_target_vertices,0,25,2,8,1.0,4489,4703,4,2,2,4,4,0.032784,ok
baseline_junctions_plus_mode_additions_v2,1955e11,1955e3,2,1,371,581,uniform_target_subdivision,0,25,2,8,1.0,1533,1743,4,2,2,4,4,0.024124,ok
baseline_junctions_plus_mode_additions_v2,1955e11,1955e3,2,1,371,581,adaptive_closest_points,0,25,2,8,1.0,371,581,4,2,2,4,4,0.098803,ok
baseline_junctions_plus_mode_additions_v2,1955e11,1955e5,2,1,70,103,target_junctions,0,25,2,8,1.0,70,103,4,2,2,4,4,0.011895,ok
baseline_junctions_plus_mode_additions_v2,1955e11,1955e5,2,1,70,103,original_target_vertices,0,25,2,8,1.0,2828,2861,4,2,2,4,4,0.010820,ok
baseline_junctions_plus_mode_additions_v2,1955e11,1955e5,2,1,70,103,uniform_target_subdivision,0,25,2,8,1.0,276,309,4,2,2,4,4,0.006182,ok
baseline_junctions_plus_mode_additions_v2,1955e11,1955e5,2,1,70,103,adaptive_closest_points,0,25,2,8,1.0,70,103,4,2,2,4,4,0.025564,ok
baseline_junctions_plus_mode_additions_v2,1955e11,1955e7,2,1,8,9,target_junctions,0,25,2,8,1.0,8,9,4,2,2,4,4,0.002079,ok
baseline_junctions_plus_mode_additions_v2,1955e11,1955e7,2,1,8,9,original_target_vertices,0,25,2,8,1.0,1334,1335,4,2,2,4,4,0.004560,ok
baseline_junctions_plus_mode_additions_v2,1955e11,1955e7,2,1,8,9,uniform_target_subdivision,0,25,2,8,1.0,26,27,4,2,2,4,4,0.001862,ok
baseline_junctions_plus_mode_additions_v2,1955e11,1955e7,2,1,8,9,adaptive_closest_points,0,25,2,8,1.0,8,9,4,2,2,4,4,0.039417,ok
baseline_junctions_plus_mode_additions_v2,1955e11,1998e3,2,1,321,509,target_junctions,0.5,25,2,8,1.0,321,509,4,2,2,4,4,0.817448,ok
baseline_junctions_plus_mode_additions_v2,1955e11,1998e3,2,1,321,509,original_target_vertices,0.5,25,2,8,1.0,4322,4511,5,2,3,6,6,0.936655,ok
baseline_junctions_plus_mode_additions_v2,1955e11,1998e3,2,1,321,509,uniform_target_subdivision,0.5,25,2,8,1.0,1339,1527,4,2,2,4,4,0.711442,ok
baseline_junctions_plus_mode_additions_v2,1955e11,1998e3,2,1,321,509,adaptive_closest_points,0.5,25,2,8,1.0,322,510,5,2,3,6,6,1.523580,ok
baseline_junctions_plus_mode_additions_v2,1955e11,1998e5,2,1,54,78,target_junctions,0.5,25,2,8,1.0,54,78,4,2,2,4,4,0.128159,ok
baseline_junctions_plus_mode_additions_v2,1955e11,1998e5,2,1,54,78,original_target_vertices,0.5,25,2,8,1.0,2353,2377,5,2,3,6,6,0.213998,ok
baseline_junctions_plus_mode_additions_v2,1955e11,1998e5,2,1,54,78,uniform_target_subdivision,0.5,25,2,8,1.0,210,234,4,2,2,4,4,0.118816,ok
baseline_junctions_plus_mode_additions_v2,1955e11,1998e5,2,1,54,78,adaptive_closest_points,0.5,25,2,8,1.0,55,79,5,2,3,6,6,0.486462,ok
baseline_junctions_plus_mode_additions_v2,1955e11,1998e7,2,1,14,18,target_junctions,25,25,2,8,1.0,14,18,4,2,2,4,4,0.064796,ok
baseline_junctions_plus_mode_additions_v2,1955e11,1998e7,2,1,14,18,original_target_vertices,25,25,2,8,1.0,1545,1549,18,2,16,32,32,0.168890,ok
baseline_junctions_plus_mode_additions_v2,1955e11,1998e7,2,1,14,18,uniform_target_subdivision,25,25,2,8,1.0,50,54,4,2,2,4,4,0.066567,ok
baseline_junctions_plus_mode_additions_v2,1955e11,1998e7,2,1,14,18,adaptive_closest_points,25,25,2,8,1.0,16,20,6,3,3,9,9,1.902181,ok
baseline_junctions_plus_mode_additions_v2,1955e11,2014e3,2,1,317,493,target_junctions,1.119,25,2,8,1.0,317,493,4,2,2,4,4,0.779994,ok
baseline_junctions_plus_mode_additions_v2,1955e11,2014e3,2,1,317,493,original_target_vertices,1.119,25,2,8,1.0,4059,4236,6,3,3,9,9,1.063510,ok
baseline_junctions_plus_mode_additions_v2,1955e11,2014e3,2,1,317,493,uniform_target_subdivision,1.119,25,2,8,1.0,1303,1479,4,2,2,4,4,0.776010,ok
baseline_junctions_plus_mode_additions_v2,1955e11,2014e3,2,1,317,493,adaptive_closest_points,1.119,25,2,8,1.0,319,495,6,3,3,9,9,3.310399,ok
baseline_junctions_plus_mode_additions_v2,1955e11,2014e5,2,1,51,74,target_junctions,24.047,25,2,8,1.0,51,74,5,2,3,6,6,0.198043,ok
baseline_junctions_plus_mode_additions_v2,1955e11,2014e5,2,1,51,74,original_target_vertices,24.047,25,2,8,1.0,2366,2389,29,3,26,78,78,0.355291,ok
baseline_junctions_plus_mode_additions_v2,1955e11,2014e5,2,1,51,74,uniform_target_subdivision,24.047,25,2,8,1.0,199,222,7,2,5,10,10,0.207379,ok
baseline_junctions_plus_mode_additions_v2,1955e11,2014e5,2,1,51,74,adaptive_closest_points,24.047,25,2,8,1.0,54,77,8,3,5,15,15,2.616187,ok
baseline_junctions_plus_mode_additions_v2,1955e11,2014e7,2,1,12,15,target_junctions,24.047,25,2,8,1.0,12,15,4,2,2,4,4,0.064652,ok
baseline_junctions_plus_mode_additions_v2,1955e11,2014e7,2,1,12,15,original_target_vertices,24.047,25,2,8,1.0,1618,1621,19,3,16,48,48,0.172232,ok
baseline_junctions_plus_mode_additions_v2,1955e11,2014e7,2,1,12,15,uniform_target_subdivision,24.047,25,2,8,1.0,42,45,4,2,2,4,4,0.058912,ok
baseline_junctions_plus_mode_additions_v2,1955e11,2014e7,2,1,12,15,adaptive_closest_points,24.047,25,2,8,1.0,14,17,6,3,3,9,9,1.874196,ok
baseline_junctions_plus_mode_additions_v2,1955e5,1955e3,70,103,371,581,target_junctions,0,25,2,8,1.0,371,581,289,2,6,25182,1920,0.087781,ok
baseline_junctions_plus_mode_additions_v2,1955e5,1955e3,70,103,371,581,original_target_vertices,0,25,2,8,1.0,4489,4703,289,2,6,25182,1920,0.187690,ok
baseline_junctions_plus_mode_additions_v2,1955e5,1955e3,70,103,371,581,uniform_target_subdivision,0,25,2,8,1.0,1533,1743,289,2,6,25182,1920,0.072273,ok
baseline_junctions_plus_mode_additions_v2,1955e5,1955e3,70,103,371,581,adaptive_closest_points,0,25,2,8,1.0,389,599,307,2,6,34521,3000,0.758091,ok
baseline_junctions_plus_mode_additions_v2,1955e5,1998e3,70,103,321,509,target_junctions,7,25,2,8,1.0,321,509,290,2,9,21601,3456,1.372776,ok
baseline_junctions_plus_mode_additions_v2,1955e5,1998e3,70,103,321,509,original_target_vertices,7,25,2,8,1.0,4322,4511,775,2,37,7448942,2717280,2.721602,ok
baseline_junctions_plus_mode_additions_v2,1955e5,1998e3,70,103,321,509,uniform_target_subdivision,7,25,2,8,1.0,1339,1527,455,2,19,247923,76950,1.922626,ok
baseline_junctions_plus_mode_additions_v2,1955e5,1998e3,70,103,321,509,adaptive_closest_points,7,25,2,8,1.0,478,666,460,2,13,226957,52650,14.804782,ok
baseline_junctions_plus_mode_additions_v2,1955e5,2014e3,70,103,317,493,target_junctions,6.801,25,2,8,1.0,317,493,258,2,7,26151,5400,1.426028,ok
baseline_junctions_plus_mode_additions_v2,1955e5,2014e3,70,103,317,493,original_target_vertices,6.801,25,2,8,1.0,4059,4236,718,2,33,3067961,630000,2.762379,ok
baseline_junctions_plus_mode_additions_v2,1955e5,2014e3,70,103,317,493,uniform_target_subdivision,6.801,25,2,8,1.0,1303,1479,387,2,13,200137,48510,1.952592,ok
baseline_junctions_plus_mode_additions_v2,1955e5,2014e3,70,103,317,493,adaptive_closest_points,6.801,25,2,8,1.0,448,624,399,2,14,172703,41580,13.823806,ok
baseline_junctions_plus_mode_additions_v2,1955e7,1955e3,8,9,371,581,target_junctions,0,25,2,8,1.0,371,581,27,2,5,138,80,0.059916,ok
baseline_junctions_plus_mode_additions_v2,1955e7,1955e3,8,9,371,581,original_target_vertices,0,25,2,8,1.0,4489,4703,27,2,5,138,80,0.082256,ok
baseline_junctions_plus_mode_additions_v2,1955e7,1955e3,8,9,371,581,uniform_target_subdivision,0,25,2,8,1.0,1533,1743,27,2,5,138,80,0.029083,ok
baseline_junctions_plus_mode_additions_v2,1955e7,1955e3,8,9,371,581,adaptive_closest_points,0,25,2,8,1.0,373,583,29,2,5,189,125,0.273995,ok
baseline_junctions_plus_mode_additions_v2,1955e7,1955e5,8,9,70,103,target_junctions,0,25,2,8,1.0,70,103,26,2,4,120,64,0.011174,ok
baseline_junctions_plus_mode_additions_v2,1955e7,1955e5,8,9,70,103,original_target_vertices,0,25,2,8,1.0,2828,2861,26,2,4,120,64,0.027039,ok
baseline_junctions_plus_mode_additions_v2,1955e7,1955e5,8,9,70,103,uniform_target_subdivision,0,25,2,8,1.0,276,309,26,2,4,120,64,0.005700,ok
baseline_junctions_plus_mode_additions_v2,1955e7,1955e5,8,9,70,103,adaptive_closest_points,0,25,2,8,1.0,73,106,29,2,5,168,100,0.147276,ok
baseline_junctions_plus_mode_additions_v2,1955e7,1998e3,8,9,321,509,target_junctions,3.606,25,2,8,1.0,321,509,22,2,5,52,20,0.894713,ok
baseline_junctions_plus_mode_additions_v2,1955e7,1998e3,8,9,321,509,original_target_vertices,3.606,25,2,8,1.0,4322,4511,27,2,5,72,20,1.339279,ok
baseline_junctions_plus_mode_additions_v2,1955e7,1998e3,8,9,321,509,uniform_target_subdivision,3.606,25,2,8,1.0,1339,1527,25,2,5,73,30,1.020920,ok
baseline_junctions_plus_mode_additions_v2,1955e7,1998e3,8,9,321,509,adaptive_closest_points,3.606,25,2,8,1.0,334,522,35,2,10,197,120,4.734570,ok
baseline_junctions_plus_mode_additions_v2,1955e7,1998e5,8,9,54,78,target_junctions,3.606,25,2,8,1.0,54,78,19,2,4,42,16,0.159083,ok
baseline_junctions_plus_mode_additions_v2,1955e7,1998e5,8,9,54,78,original_target_vertices,3.606,25,2,8,1.0,2353,2377,24,2,5,60,16,0.409488,ok
baseline_junctions_plus_mode_additions_v2,1955e7,1998e5,8,9,54,78,uniform_target_subdivision,3.606,25,2,8,1.0,210,234,19,2,4,42,16,0.172744,ok
baseline_junctions_plus_mode_additions_v2,1955e7,1998e5,8,9,54,78,adaptive_closest_points,3.606,25,2,8,1.0,64,88,29,2,7,123,63,2.518449,ok
baseline_junctions_plus_mode_additions_v2,1955e7,1998e7,8,9,14,18,target_junctions,25,25,2,8,1.0,14,18,24,2,4,84,32,0.061678,ok
baseline_junctions_plus_mode_additions_v2,1955e7,1998e7,8,9,14,18,original_target_vertices,25,25,2,8,1.0,1545,1549,164,2,30,12548,9856,0.273897,ok
baseline_junctions_plus_mode_additions_v2,1955e7,1998e7,8,9,14,18,uniform_target_subdivision,25,25,2,8,1.0,50,54,28,2,5,134,60,0.080832,ok
baseline_junctions_plus_mode_additions_v2,1955e7,1998e7,8,9,14,18,adaptive_closest_points,25,25,2,8,1.0,26,30,36,3,6,225,108,3.720343,ok
baseline_junctions_plus_mode_additions_v2,1955e7,2014e3,8,9,317,493,target_junctions,6.801,25,2,8,1.0,317,493,29,2,6,139,72,1.161297,ok
baseline_junctions_plus_mode_additions_v2,1955e7,2014e3,8,9,317,493,original_target_vertices,6.801,25,2,8,1.0,4059,4236,61,2,15,563,300,1.664658,ok
baseline_junctions_plus_mode_additions_v2,1955e7,2014e3,8,9,317,493,uniform_target_subdivision,6.801,25,2,8,1.0,1303,1479,45,2,11,415,275,1.842551,ok
baseline_junctions_plus_mode_additions_v2,1955e7,2014e3,8,9,317,493,adaptive_closest_points,6.801,25,2,8,1.0,329,505,41,2,8,376,252,7.604396,ok
baseline_junctions_plus_mode_additions_v2,1955e7,2014e5,8,9,51,74,target_junctions,24.047,25,2,8,1.0,51,74,32,2,6,152,72,0.255632,ok
baseline_junctions_plus_mode_additions_v2,1955e7,2014e5,8,9,51,74,original_target_vertices,24.047,25,2,8,1.0,2366,2389,218,3,67,26613,22780,0.573383,ok
baseline_junctions_plus_mode_additions_v2,1955e7,2014e5,8,9,51,74,uniform_target_subdivision,24.047,25,2,8,1.0,199,222,49,2,11,523,363,0.372797,ok
baseline_junctions_plus_mode_additions_v2,1955e7,2014e5,8,9,51,74,adaptive_closest_points,24.047,25,2,8,1.0,63,86,44,3,9,325,168,5.173728,ok
baseline_junctions_plus_mode_additions_v2,1955e7,2014e7,8,9,12,15,target_junctions,24.047,25,2,8,1.0,12,15,20,2,4,48,16,0.060267,ok
baseline_junctions_plus_mode_additions_v2,1955e7,2014e7,8,9,12,15,original_target_vertices,24.047,25,2,8,1.0,1618,1621,162,3,39,14776,12597,0.304886,ok
baseline_junctions_plus_mode_additions_v2,1955e7,2014e7,8,9,12,15,uniform_target_subdivision,24.047,25,2,8,1.0,42,45,23,2,5,70,30,0.078206,ok
baseline_junctions_plus_mode_additions_v2,1955e7,2014e7,8,9,12,15,adaptive_closest_points,24.047,25,2,8,1.0,20,23,28,2,6,117,54,4.614155,ok
baseline_junctions_plus_mode_additions_v2,1998e11,1955e3,2,1,371,581,target_junctions,3.906,25,2,8,1.0,371,581,4,2,2,4,4,1.121952,ok
baseline_junctions_plus_mode_additions_v2,1998e11,1955e3,2,1,371,581,original_target_vertices,3.906,25,2,8,1.0,4489,4703,7,2,5,10,10,1.502620,ok
baseline_junctions_plus_mode_additions_v2,1998e11,1955e3,2,1,371,581,uniform_target_subdivision,3.906,25,2,8,1.0,1533,1743,5,2,3,6,6,1.272846,ok
baseline_junctions_plus_mode_additions_v2,1998e11,1955e3,2,1,371,581,adaptive_closest_points,3.906,25,2,8,1.0,372,582,5,2,3,6,6,3.689270,ok
baseline_junctions_plus_mode_additions_v2,1998e11,1955e5,2,1,70,103,target_junctions,3.906,25,2,8,1.0,70,103,4,2,2,4,4,0.199803,ok
baseline_junctions_plus_mode_additions_v2,1998e11,1955e5,2,1,70,103,original_target_vertices,3.906,25,2,8,1.0,2828,2861,7,2,5,10,10,0.384127,ok
baseline_junctions_plus_mode_additions_v2,1998e11,1955e5,2,1,70,103,uniform_target_subdivision,3.906,25,2,8,1.0,276,309,5,2,3,6,6,0.213844,ok
baseline_junctions_plus_mode_additions_v2,1998e11,1955e5,2,1,70,103,adaptive_closest_points,3.906,25,2,8,1.0,71,104,5,2,3,6,6,1.009284,ok
baseline_junctions_plus_mode_additions_v2,1998e11,1955e7,2,1,8,9,target_junctions,25.813,25,2,8,1.0,8,9,4,2,2,4,4,0.070231,ok
baseline_junctions_plus_mode_additions_v2,1998e11,1955e7,2,1,8,9,original_target_vertices,25.813,25,2,8,1.0,1334,1335,18,2,16,32,32,0.209163,ok
baseline_junctions_plus_mode_additions_v2,1998e11,1955e7,2,1,8,9,uniform_target_subdivision,25.813,25,2,8,1.0,26,27,4,2,2,4,4,0.086725,ok
baseline_junctions_plus_mode_additions_v2,1998e11,1955e7,2,1,8,9,adaptive_closest_points,25.813,25,2,8,1.0,9,10,5,2,3,6,6,1.259843,ok
baseline_junctions_plus_mode_additions_v2,1998e11,1998e3,2,1,321,509,target_junctions,0,25,2,8,1.0,321,509,4,2,2,4,4,0.087693,ok
baseline_junctions_plus_mode_additions_v2,1998e11,1998e3,2,1,321,509,original_target_vertices,0,25,2,8,1.0,4322,4511,4,2,2,4,4,0.088303,ok
baseline_junctions_plus_mode_additions_v2,1998e11,1998e3,2,1,321,509,uniform_target_subdivision,0,25,2,8,1.0,1339,1527,4,2,2,4,4,0.025588,ok
baseline_junctions_plus_mode_additions_v2,1998e11,1998e3,2,1,321,509,adaptive_closest_points,0,25,2,8,1.0,321,509,4,2,2,4,4,0.085299,ok
baseline_junctions_plus_mode_additions_v2,1998e11,1998e5,2,1,54,78,target_junctions,0,25,2,8,1.0,54,78,4,2,2,4,4,0.011098,ok
baseline_junctions_plus_mode_additions_v2,1998e11,1998e5,2,1,54,78,original_target_vertices,0,25,2,8,1.0,2353,2377,4,2,2,4,4,0.016356,ok
baseline_junctions_plus_mode_additions_v2,1998e11,1998e5,2,1,54,78,uniform_target_subdivision,0,25,2,8,1.0,210,234,4,2,2,4,4,0.004307,ok
baseline_junctions_plus_mode_additions_v2,1998e11,1998e5,2,1,54,78,adaptive_closest_points,0,25,2,8,1.0,54,78,4,2,2,4,4,0.022608,ok
baseline_junctions_plus_mode_additions_v2,1998e11,1998e7,2,1,14,18,target_junctions,0,25,2,8,1.0,14,18,4,2,2,4,4,0.003594,ok
baseline_junctions_plus_mode_additions_v2,1998e11,1998e7,2,1,14,18,original_target_vertices,0,25,2,8,1.0,1545,1549,4,2,2,4,4,0.009244,ok
baseline_junctions_plus_mode_additions_v2,1998e11,1998e7,2,1,14,18,uniform_target_subdivision,0,25,2,8,1.0,50,54,4,2,2,4,4,0.002420,ok
baseline_junctions_plus_mode_additions_v2,1998e11,1998e7,2,1,14,18,adaptive_closest_points,0,25,2,8,1.0,14,18,4,2,2,4,4,0.030715,ok
baseline_junctions_plus_mode_additions_v2,1998e11,2014e3,2,1,317,493,target_junctions,1.119,25,2,8,1.0,317,493,4,2,2,4,4,0.793969,ok
baseline_junctions_plus_mode_additions_v2,1998e11,2014e3,2,1,317,493,original_target_vertices,1.119,25,2,8,1.0,4059,4236,5,2,3,6,6,0.965984,ok
baseline_junctions_plus_mode_additions_v2,1998e11,2014e3,2,1,317,493,uniform_target_subdivision,1.119,25,2,8,1.0,1303,1479,4,2,2,4,4,0.901385,ok
baseline_junctions_plus_mode_additions_v2,1998e11,2014e3,2,1,317,493,adaptive_closest_points,1.119,25,2,8,1.0,317,493,4,2,2,4,4,1.482468,ok
baseline_junctions_plus_mode_additions_v2,1998e11,2014e5,2,1,51,74,target_junctions,1.119,25,2,8,1.0,51,74,4,2,2,4,4,0.154342,ok
baseline_junctions_plus_mode_additions_v2,1998e11,2014e5,2,1,51,74,original_target_vertices,1.119,25,2,8,1.0,2366,2389,5,2,3,6,6,0.260101,ok
baseline_junctions_plus_mode_additions_v2,1998e11,2014e5,2,1,51,74,uniform_target_subdivision,1.119,25,2,8,1.0,199,222,4,2,2,4,4,0.174603,ok
baseline_junctions_plus_mode_additions_v2,1998e11,2014e5,2,1,51,74,adaptive_closest_points,1.119,25,2,8,1.0,51,74,4,2,2,4,4,0.317612,ok
baseline_junctions_plus_mode_additions_v2,1998e11,2014e7,2,1,12,15,target_junctions,1.119,25,2,8,1.0,12,15,4,2,2,4,4,0.040572,ok
baseline_junctions_plus_mode_additions_v2,1998e11,2014e7,2,1,12,15,original_target_vertices,1.119,25,2,8,1.0,1618,1621,5,2,3,6,6,0.118756,ok
baseline_junctions_plus_mode_additions_v2,1998e11,2014e7,2,1,12,15,uniform_target_subdivision,1.119,25,2,8,1.0,42,45,4,2,2,4,4,0.043556,ok
baseline_junctions_plus_mode_additions_v2,1998e11,2014e7,2,1,12,15,adaptive_closest_points,1.119,25,2,8,1.0,12,15,4,2,2,4,4,0.296196,ok
baseline_junctions_plus_mode_additions_v2,1998e3,1955e3,321,509,371,581,target_junctions,12.5,25,2,8,1.0,371,581,2210,2,17,6457753,1176000,4.296504,ok
baseline_junctions_plus_mode_additions_v2,1998e3,1955e3,321,509,371,581,original_target_vertices,12.5,25,2,8,1.0,4489,4703,9338,2,85,21724644275,10904536440,8.649818,ok
baseline_junctions_plus_mode_additions_v2,1998e3,1955e3,321,509,371,581,uniform_target_subdivision,12.5,25,2,8,1.0,1533,1743,4531,2,49,470952519,126595872,7.432598,ok
baseline_junctions_plus_mode_additions_v2,1998e3,1955e3,321,509,371,581,adaptive_closest_points,12.5,25,2,8,1.0,1273,1483,4161,2,25,108486702,16030080,102.808334,ok
baseline_junctions_plus_mode_additions_v2,1998e5,1955e3,54,78,371,581,target_junctions,12.5,25,2,8,1.0,371,581,384,2,17,139047,34000,1.726363,ok
baseline_junctions_plus_mode_additions_v2,1998e5,1955e3,54,78,371,581,original_target_vertices,12.5,25,2,8,1.0,4489,4703,1422,2,80,36353835,13994400,3.107594,ok
baseline_junctions_plus_mode_additions_v2,1998e5,1955e3,54,78,371,581,uniform_target_subdivision,12.5,25,2,8,1.0,1533,1743,752,2,49,2680867,1143072,2.269365,ok
baseline_junctions_plus_mode_additions_v2,1998e5,1955e3,54,78,371,581,adaptive_closest_points,12.5,25,2,8,1.0,534,744,595,2,24,864904,219024,17.593101,ok
baseline_junctions_plus_mode_additions_v2,1998e5,1955e5,54,78,70,103,target_junctions,12.5,25,2,8,1.0,70,103,205,2,7,10428,1440,0.362701,ok
baseline_junctions_plus_mode_additions_v2,1998e5,1955e5,54,78,70,103,original_target_vertices,12.5,25,2,8,1.0,2828,2861,996,2,44,5694940,1135200,2.046974,ok
baseline_junctions_plus_mode_additions_v2,1998e5,1955e5,54,78,70,103,uniform_target_subdivision,12.5,25,2,8,1.0,276,309,284,2,11,45895,11200,0.499581,ok
baseline_junctions_plus_mode_additions_v2,1998e5,1955e5,54,78,70,103,adaptive_closest_points,12.5,25,2,8,1.0,159,192,323,2,14,67342,12000,10.599216,ok
baseline_junctions_plus_mode_additions_v2,1998e5,1998e3,54,78,321,509,target_junctions,0,25,2,8,1.0,321,509,231,2,6,14388,1920,0.071340,ok
baseline_junctions_plus_mode_additions_v2,1998e5,1998e3,54,78,321,509,original_target_vertices,0,25,2,8,1.0,4322,4511,231,2,6,14388,1920,0.182235,ok
baseline_junctions_plus_mode_additions_v2,1998e5,1998e3,54,78,321,509,uniform_target_subdivision,0,25,2,8,1.0,1339,1527,233,2,6,14473,1920,0.060737,ok
baseline_junctions_plus_mode_additions_v2,1998e5,1998e3,54,78,321,509,adaptive_closest_points,0,25,2,8,1.0,331,519,241,2,6,17179,2400,0.647877,ok
baseline_junctions_plus_mode_additions_v2,1998e5,2014e3,54,78,317,493,target_junctions,15.629,25,2,8,1.0,317,493,405,2,13,105608,11880,1.585097,ok
baseline_junctions_plus_mode_additions_v2,1998e5,2014e3,54,78,317,493,original_target_vertices,15.629,25,2,8,1.0,4059,4236,1872,2,75,72947657,33454080,3.169824,ok
baseline_junctions_plus_mode_additions_v2,1998e5,2014e3,54,78,317,493,uniform_target_subdivision,15.629,25,2,8,1.0,1303,1479,832,2,28,1761615,256256,2.185251,ok
baseline_junctions_plus_mode_additions_v2,1998e5,2014e3,54,78,317,493,adaptive_closest_points,15.629,25,2,8,1.0,495,671,643,2,20,651007,115500,17.308630,ok
baseline_junctions_plus_mode_additions_v2,1998e7,1955e3,14,18,371,581,target_junctions,12.5,25,2,8,1.0,371,581,99,2,14,4086,864,1.516160,ok
baseline_junctions_plus_mode_additions_v2,1998e7,1955e3,14,18,371,581,original_target_vertices,12.5,25,2,8,1.0,4489,4703,340,2,62,144605,26784,2.218930,ok
baseline_junctions_plus_mode_additions_v2,1998e7,1955e3,14,18,371,581,uniform_target_subdivision,12.5,25,2,8,1.0,1533,1743,189,2,34,23352,4998,1.755084,ok
baseline_junctions_plus_mode_additions_v2,1998e7,1955e3,14,18,371,581,adaptive_closest_points,12.5,25,2,8,1.0,411,621,139,2,20,11436,2720,8.168545,ok
baseline_junctions_plus_mode_additions_v2,1998e7,1955e5,14,18,70,103,target_junctions,12.5,25,2,8,1.0,70,103,59,2,7,928,140,0.298577,ok
baseline_junctions_plus_mode_additions_v2,1998e7,1955e5,14,18,70,103,original_target_vertices,12.5,25,2,8,1.0,2828,2861,257,2,44,70144,14872,0.843147,ok
baseline_junctions_plus_mode_additions_v2,1998e7,1955e5,14,18,70,103,uniform_target_subdivision,12.5,25,2,8,1.0,276,309,85,2,11,2414,420,0.317710,ok
baseline_junctions_plus_mode_additions_v2,1998e7,1955e5,14,18,70,103,adaptive_closest_points,12.5,25,2,8,1.0,94,127,83,2,10,2830,560,4.520465,ok
baseline_junctions_plus_mode_additions_v2,1998e7,1998e3,14,18,321,509,target_junctions,0,25,2,8,1.0,321,509,56,2,6,830,120,0.067354,ok
baseline_junctions_plus_mode_additions_v2,1998e7,1998e3,14,18,321,509,original_target_vertices,0,25,2,8,1.0,4322,4511,56,2,6,830,120,0.104255,ok
baseline_junctions_plus_mode_additions_v2,1998e7,1998e3,14,18,321,509,uniform_target_subdivision,0,25,2,8,1.0,1339,1527,56,2,6,830,120,0.034206,ok
baseline_junctions_plus_mode_additions_v2,1998e7,1998e3,14,18,321,509,adaptive_closest_points,0,25,2,8,1.0,321,509,56,2,6,830,120,0.269842,ok
baseline_junctions_plus_mode_additions_v2,1998e7,1998e5,14,18,54,78,target_junctions,0,25,2,8,1.0,54,78,51,2,5,648,80,0.012784,ok
baseline_junctions_plus_mode_additions_v2,1998e7,1998e5,14,18,54,78,original_target_vertices,0,25,2,8,1.0,2353,2377,51,2,5,648,80,0.036196,ok
baseline_junctions_plus_mode_additions_v2,1998e7,1998e5,14,18,54,78,uniform_target_subdivision,0,25,2,8,1.0,210,234,51,2,5,648,80,0.007578,ok
baseline_junctions_plus_mode_additions_v2,1998e7,1998e5,14,18,54,78,adaptive_closest_points,0,25,2,8,1.0,54,78,51,2,5,648,80,0.139327,ok
baseline_junctions_plus_mode_additions_v2,1998e7,2014e3,14,18,317,493,target_junctions,15.629,25,2,8,1.0,317,493,98,2,10,4442,700,1.329325,ok
baseline_junctions_plus_mode_additions_v2,1998e7,2014e3,14,18,317,493,original_target_vertices,15.629,25,2,8,1.0,4059,4236,415,2,55,252744,37200,2.087613,ok
baseline_junctions_plus_mode_additions_v2,1998e7,2014e3,14,18,317,493,uniform_target_subdivision,15.629,25,2,8,1.0,1303,1479,210,2,25,46247,8250,1.490259,ok
baseline_junctions_plus_mode_additions_v2,1998e7,2014e3,14,18,317,493,adaptive_closest_points,15.629,25,2,8,1.0,353,529,135,3,16,10583,1536,8.047803,ok
baseline_junctions_plus_mode_additions_v2,1998e7,2014e5,14,18,51,74,target_junctions,18.928,25,2,8,1.0,51,74,61,2,8,1070,192,0.256965,ok
baseline_junctions_plus_mode_additions_v2,1998e7,2014e5,14,18,51,74,original_target_vertices,18.928,25,2,8,1.0,2366,2389,374,2,55,229301,38280,0.804792,ok
baseline_junctions_plus_mode_additions_v2,1998e7,2014e5,14,18,51,74,uniform_target_subdivision,18.928,25,2,8,1.0,199,222,88,2,12,2647,540,0.279244,ok
baseline_junctions_plus_mode_additions_v2,1998e7,2014e5,14,18,51,74,adaptive_closest_points,18.928,25,2,8,1.0,73,96,83,2,11,2769,528,4.835050,ok
baseline_junctions_plus_mode_additions_v2,2014e11,1955e3,2,1,371,581,target_junctions,4.273,25,2,8,1.0,371,581,4,2,2,4,4,1.312637,ok
baseline_junctions_plus_mode_additions_v2,2014e11,1955e3,2,1,371,581,original_target_vertices,4.273,25,2,8,1.0,4489,4703,8,2,6,12,12,1.609608,ok
baseline_junctions_plus_mode_additions_v2,2014e11,1955e3,2,1,371,581,uniform_target_subdivision,4.273,25,2,8,1.0,1533,1743,5,2,3,6,6,1.382497,ok
baseline_junctions_plus_mode_additions_v2,2014e11,1955e3,2,1,371,581,adaptive_closest_points,4.273,25,2,8,1.0,372,582,5,2,3,6,6,3.783260,ok
baseline_junctions_plus_mode_additions_v2,2014e11,1955e5,2,1,70,103,target_junctions,4.273,25,2,8,1.0,70,103,4,2,2,4,4,0.248300,ok
baseline_junctions_plus_mode_additions_v2,2014e11,1955e5,2,1,70,103,original_target_vertices,4.273,25,2,8,1.0,2828,2861,8,2,6,12,12,0.481573,ok
baseline_junctions_plus_mode_additions_v2,2014e11,1955e5,2,1,70,103,uniform_target_subdivision,4.273,25,2,8,1.0,276,309,5,2,3,6,6,0.263666,ok
baseline_junctions_plus_mode_additions_v2,2014e11,1955e5,2,1,70,103,adaptive_closest_points,4.273,25,2,8,1.0,71,104,5,2,3,6,6,1.749082,ok
baseline_junctions_plus_mode_additions_v2,2014e11,1955e7,2,1,8,9,target_junctions,24.439,25,2,8,1.0,8,9,4,2,2,4,4,0.040647,ok
baseline_junctions_plus_mode_additions_v2,2014e11,1955e7,2,1,8,9,original_target_vertices,24.439,25,2,8,1.0,1334,1335,18,2,16,32,32,0.160451,ok
baseline_junctions_plus_mode_additions_v2,2014e11,1955e7,2,1,8,9,uniform_target_subdivision,24.439,25,2,8,1.0,26,27,4,2,2,4,4,0.057696,ok
baseline_junctions_plus_mode_additions_v2,2014e11,1955e7,2,1,8,9,adaptive_closest_points,24.439,25,2,8,1.0,9,10,5,2,3,6,6,1.660586,ok
baseline_junctions_plus_mode_additions_v2,2014e11,1998e3,2,1,321,509,target_junctions,1,25,2,8,1.0,321,509,4,2,2,4,4,0.801292,ok
baseline_junctions_plus_mode_additions_v2,2014e11,1998e3,2,1,321,509,original_target_vertices,1,25,2,8,1.0,4322,4511,4,2,2,4,4,0.999125,ok
baseline_junctions_plus_mode_additions_v2,2014e11,1998e3,2,1,321,509,uniform_target_subdivision,1,25,2,8,1.0,1339,1527,4,2,2,4,4,0.873910,ok
baseline_junctions_plus_mode_additions_v2,2014e11,1998e3,2,1,321,509,adaptive_closest_points,1,25,2,8,1.0,322,510,5,2,3,6,6,1.570480,ok
baseline_junctions_plus_mode_additions_v2,2014e11,1998e5,2,1,54,78,target_junctions,1,25,2,8,1.0,54,78,4,2,2,4,4,0.143274,ok
baseline_junctions_plus_mode_additions_v2,2014e11,1998e5,2,1,54,78,original_target_vertices,1,25,2,8,1.0,2353,2377,4,2,2,4,4,0.251647,ok
baseline_junctions_plus_mode_additions_v2,2014e11,1998e5,2,1,54,78,uniform_target_subdivision,1,25,2,8,1.0,210,234,4,2,2,4,4,0.148296,ok
baseline_junctions_plus_mode_additions_v2,2014e11,1998e5,2,1,54,78,adaptive_closest_points,1,25,2,8,1.0,55,79,5,2,3,6,6,0.462233,ok
baseline_junctions_plus_mode_additions_v2,2014e11,1998e7,2,1,14,18,target_junctions,1,25,2,8,1.0,14,18,4,2,2,4,4,0.043972,ok
baseline_junctions_plus_mode_additions_v2,2014e11,1998e7,2,1,14,18,original_target_vertices,1,25,2,8,1.0,1545,1549,4,2,2,4,4,0.120469,ok
baseline_junctions_plus_mode_additions_v2,2014e11,1998e7,2,1,14,18,uniform_target_subdivision,1,25,2,8,1.0,50,54,4,2,2,4,4,0.041782,ok
baseline_junctions_plus_mode_additions_v2,2014e11,1998e7,2,1,14,18,adaptive_closest_points,1,25,2,8,1.0,15,19,5,2,3,6,6,0.444996,ok
baseline_junctions_plus_mode_additions_v2,2014e11,2014e3,2,1,317,493,target_junctions,0,25,2,8,1.0,317,493,4,2,2,4,4,0.058602,ok
baseline_junctions_plus_mode_additions_v2,2014e11,2014e3,2,1,317,493,original_target_vertices,0,25,2,8,1.0,4059,4236,4,2,2,4,4,0.082813,ok
baseline_junctions_plus_mode_additions_v2,2014e11,2014e3,2,1,317,493,uniform_target_subdivision,0,25,2,8,1.0,1303,1479,4,2,2,4,4,0.025284,ok
baseline_junctions_plus_mode_additions_v2,2014e11,2014e3,2,1,317,493,adaptive_closest_points,0,25,2,8,1.0,317,493,4,2,2,4,4,0.098652,ok
baseline_junctions_plus_mode_additions_v2,2014e11,2014e5,2,1,51,74,target_junctions,0,25,2,8,1.0,51,74,4,2,2,4,4,0.010081,ok
baseline_junctions_plus_mode_additions_v2,2014e11,2014e5,2,1,51,74,original_target_vertices,0,25,2,8,1.0,2366,2389,4,2,2,4,4,0.021875,ok
baseline_junctions_plus_mode_additions_v2,2014e11,2014e5,2,1,51,74,uniform_target_subdivision,0,25,2,8,1.0,199,222,4,2,2,4,4,0.004511,ok
baseline_junctions_plus_mode_additions_v2,2014e11,2014e5,2,1,51,74,adaptive_closest_points,0,25,2,8,1.0,51,74,4,2,2,4,4,0.018544,ok
baseline_junctions_plus_mode_additions_v2,2014e11,2014e7,2,1,12,15,target_junctions,0,25,2,8,1.0,12,15,4,2,2,4,4,0.003984,ok
baseline_junctions_plus_mode_additions_v2,2014e11,2014e7,2,1,12,15,original_target_vertices,0,25,2,8,1.0,1618,1621,4,2,2,4,4,0.008194,ok
baseline_junctions_plus_mode_additions_v2,2014e11,2014e7,2,1,12,15,uniform_target_subdivision,0,25,2,8,1.0,42,45,4,2,2,4,4,0.003071,ok
baseline_junctions_plus_mode_additions_v2,2014e11,2014e7,2,1,12,15,adaptive_closest_points,0,25,2,8,1.0,12,15,4,2,2,4,4,0.024158,ok
baseline_junctions_plus_mode_additions_v2,2014e3,1955e3,317,493,371,581,target_junctions,11.705,25,2,8,1.0,371,581,1924,2,16,1877567,231000,2.882692,ok
baseline_junctions_plus_mode_additions_v2,2014e3,1955e3,317,493,371,581,original_target_vertices,11.705,25,2,8,1.0,4489,4703,7566,2,78,3280152360,457003008,7.849959,ok
baseline_junctions_plus_mode_additions_v2,2014e3,1955e3,317,493,371,581,uniform_target_subdivision,11.705,25,2,8,1.0,1533,1743,3807,2,47,57457205,7324416,4.440146,ok
baseline_junctions_plus_mode_additions_v2,2014e3,1955e3,317,493,371,581,adaptive_closest_points,11.705,25,2,8,1.0,1206,1416,3746,3,24,61779759,13571712,98.301009,ok
baseline_junctions_plus_mode_additions_v2,2014e3,1998e3,317,493,321,509,target_junctions,10.817,25,2,8,1.0,321,509,1801,2,16,1331434,74088,3.309887,ok
baseline_junctions_plus_mode_additions_v2,2014e3,1998e3,317,493,321,509,original_target_vertices,10.817,25,2,8,1.0,4322,4511,7600,2,77,6299011891,1705017600,9.098144,ok
baseline_junctions_plus_mode_additions_v2,2014e3,1998e3,317,493,321,509,uniform_target_subdivision,10.817,25,2,8,1.0,1339,1527,3506,2,44,47097645,6162500,5.522328,ok
baseline_junctions_plus_mode_additions_v2,2014e3,1998e3,317,493,321,509,adaptive_closest_points,10.817,25,2,8,1.0,1073,1261,3465,3,23,39229110,5622750,91.225589,ok
baseline_junctions_plus_mode_additions_v2,2014e5,1955e3,51,74,371,581,target_junctions,9.056,25,2,8,1.0,371,581,273,2,14,24152,3024,1.745302,ok
baseline_junctions_plus_mode_additions_v2,2014e5,1955e3,51,74,371,581,original_target_vertices,9.056,25,2,8,1.0,4489,4703,865,2,57,2496278,678300,2.994829,ok
baseline_junctions_plus_mode_additions_v2,2014e5,1955e3,51,74,371,581,uniform_target_subdivision,9.056,25,2,8,1.0,1533,1743,479,2,36,208776,55080,2.319355,ok
baseline_junctions_plus_mode_additions_v2,2014e5,1955e3,51,74,371,581,adaptive_closest_points,9.056,25,2,8,1.0,497,707,423,3,19,141834,16796,15.293342,ok
baseline_junctions_plus_mode_additions_v2,2014e5,1955e5,51,74,70,103,target_junctions,11.663,25,2,8,1.0,70,103,180,2,6,5630,720,0.333295,ok
baseline_junctions_plus_mode_additions_v2,2014e5,1955e5,51,74,70,103,original_target_vertices,11.663,25,2,8,1.0,2828,2861,829,2,43,2428989,455112,2.003451,ok
baseline_junctions_plus_mode_additions_v2,2014e5,1955e5,51,74,70,103,uniform_target_subdivision,11.663,25,2,8,1.0,276,309,255,2,11,22352,3402,0.480344,ok
baseline_junctions_plus_mode_additions_v2,2014e5,1955e5,51,74,70,103,adaptive_closest_points,11.663,25,2,8,1.0,150,183,287,3,12,30650,3240,8.716883,ok
baseline_junctions_plus_mode_additions_v2,2014e5,1998e3,51,74,321,509,target_junctions,10,25,2,8,1.0,321,509,289,2,14,27668,3267,1.320558,ok
baseline_junctions_plus_mode_additions_v2,2014e5,1998e3,51,74,321,509,original_target_vertices,10,25,2,8,1.0,4322,4511,1010,2,72,2590753,423936,3.336015,ok
baseline_junctions_plus_mode_additions_v2,2014e5,1998e3,51,74,321,509,uniform_target_subdivision,10,25,2,8,1.0,1339,1527,513,2,38,196957,27360,2.022234,ok
baseline_junctions_plus_mode_additions_v2,2014e5,1998e3,51,74,321,509,adaptive_closest_points,10,25,2,8,1.0,440,628,436,3,16,127887,12960,14.724995,ok
baseline_junctions_plus_mode_additions_v2,2014e5,1998e5,51,74,54,78,target_junctions,11,25,2,8,1.0,54,78,179,2,6,6237,720,0.303717,ok
baseline_junctions_plus_mode_additions_v2,2014e5,1998e5,51,74,54,78,original_target_vertices,11,25,2,8,1.0,2353,2377,824,2,43,1493045,185760,1.600871,ok
baseline_junctions_plus_mode_additions_v2,2014e5,1998e5,51,74,54,78,uniform_target_subdivision,11,25,2,8,1.0,210,234,226,2,10,17590,2688,0.327235,ok
baseline_junctions_plus_mode_additions_v2,2014e5,1998e5,51,74,54,78,adaptive_closest_points,11,25,2,8,1.0,135,159,280,2,10,36612,6300,9.137020,ok
baseline_junctions_plus_mode_additions_v2,2014e5,2014e3,51,74,317,493,target_junctions,0,25,2,8,1.0,317,493,207,2,6,9274,480,0.076433,ok
baseline_junctions_plus_mode_additions_v2,2014e5,2014e3,51,74,317,493,original_target_vertices,0,25,2,8,1.0,4059,4236,207,2,6,9274,480,0.159249,ok
baseline_junctions_plus_mode_additions_v2,2014e5,2014e3,51,74,317,493,uniform_target_subdivision,0,25,2,8,1.0,1303,1479,207,2,6,9274,480,0.048938,ok
baseline_junctions_plus_mode_additions_v2,2014e5,2014e3,51,74,317,493,adaptive_closest_points,0,25,2,8,1.0,332,508,222,2,6,12030,600,0.581714,ok
baseline_junctions_plus_mode_additions_v2,2014e7,1955e3,12,15,371,581,target_junctions,9.056,25,2,8,1.0,371,581,67,2,14,1381,504,1.708287,ok
baseline_junctions_plus_mode_additions_v2,2014e7,1955e3,12,15,371,581,original_target_vertices,9.056,25,2,8,1.0,4489,4703,200,2,57,18316,6783,2.221744,ok
baseline_junctions_plus_mode_additions_v2,2014e7,1955e3,12,15,371,581,uniform_target_subdivision,9.056,25,2,8,1.0,1533,1743,121,2,36,7369,3240,1.931808,ok
baseline_junctions_plus_mode_additions_v2,2014e7,1955e3,12,15,371,581,adaptive_closest_points,9.056,25,2,8,1.0,401,611,97,3,19,4861,1995,8.502702,ok
baseline_junctions_plus_mode_additions_v2,2014e7,1955e5,12,15,70,103,target_junctions,9.056,25,2,8,1.0,70,103,34,2,5,158,32,0.311263,ok
baseline_junctions_plus_mode_additions_v2,2014e7,1955e5,12,15,70,103,original_target_vertices,9.056,25,2,8,1.0,2828,2861,131,2,31,5792,2046,0.781420,ok
baseline_junctions_plus_mode_additions_v2,2014e7,1955e5,12,15,70,103,uniform_target_subdivision,9.056,25,2,8,1.0,276,309,42,2,6,290,80,0.297996,ok
baseline_junctions_plus_mode_additions_v2,2014e7,1955e5,12,15,70,103,adaptive_closest_points,9.056,25,2,8,1.0,85,118,49,3,7,508,126,4.132343,ok
baseline_junctions_plus_mode_additions_v2,2014e7,1998e3,12,15,321,509,target_junctions,4,25,2,8,1.0,321,509,49,2,9,988,576,0.969693,ok
baseline_junctions_plus_mode_additions_v2,2014e7,1998e3,12,15,321,509,original_target_vertices,4,25,2,8,1.0,4322,4511,93,2,14,4896,1848,1.447421,ok
baseline_junctions_plus_mode_additions_v2,2014e7,1998e3,12,15,321,509,uniform_target_subdivision,4,25,2,8,1.0,1339,1527,73,2,16,4071,2288,0.968293,ok
baseline_junctions_plus_mode_additions_v2,2014e7,1998e3,12,15,321,509,adaptive_closest_points,4,25,2,8,1.0,336,524,64,2,12,1987,1080,5.625507,ok
baseline_junctions_plus_mode_additions_v2,2014e7,1998e5,12,15,54,78,target_junctions,4,25,2,8,1.0,54,78,33,2,6,184,60,0.180696,ok
baseline_junctions_plus_mode_additions_v2,2014e7,1998e5,12,15,54,78,original_target_vertices,4,25,2,8,1.0,2353,2377,75,2,9,1810,486,0.529377,ok
baseline_junctions_plus_mode_additions_v2,2014e7,1998e5,12,15,54,78,uniform_target_subdivision,4,25,2,8,1.0,210,234,37,2,8,296,112,0.218544,ok
baseline_junctions_plus_mode_additions_v2,2014e7,1998e5,12,15,54,78,adaptive_closest_points,4,25,2,8,1.0,66,90,45,2,7,459,147,3.009451,ok
baseline_junctions_plus_mode_additions_v2,2014e7,1998e7,12,15,14,18,target_junctions,4,25,2,8,1.0,14,18,26,2,4,84,16,0.046439,ok
baseline_junctions_plus_mode_additions_v2,2014e7,1998e7,12,15,14,18,original_target_vertices,4,25,2,8,1.0,1545,1549,69,2,9,1500,378,0.263136,ok
baseline_junctions_plus_mode_additions_v2,2014e7,1998e7,12,15,14,18,uniform_target_subdivision,4,25,2,8,1.0,50,54,26,2,4,84,16,0.060072,ok
baseline_junctions_plus_mode_additions_v2,2014e7,1998e7,12,15,14,18,adaptive_closest_points,4,25,2,8,1.0,25,29,37,2,5,231,45,2.938673,ok
baseline_junctions_plus_mode_additions_v2,2014e7,2014e3,12,15,317,493,target_junctions,0,25,2,8,1.0,317,493,43,2,5,408,80,0.044388,ok
baseline_junctions_plus_mode_additions_v2,2014e7,2014e3,12,15,317,493,original_target_vertices,0,25,2,8,1.0,4059,4236,43,2,5,408,80,0.089177,ok
baseline_junctions_plus_mode_additions_v2,2014e7,2014e3,12,15,317,493,uniform_target_subdivision,0,25,2,8,1.0,1303,1479,43,2,5,408,80,0.024993,ok
baseline_junctions_plus_mode_additions_v2,2014e7,2014e3,12,15,317,493,adaptive_closest_points,0,25,2,8,1.0,318,494,44,2,5,440,80,0.300308,ok
baseline_junctions_plus_mode_additions_v2,2014e7,2014e5,12,15,51,74,target_junctions,0,25,2,8,1.0,51,74,42,2,4,376,64,0.006231,ok
baseline_junctions_plus_mode_additions_v2,2014e7,2014e5,12,15,51,74,original_target_vertices,0,25,2,8,1.0,2366,2389,42,2,4,376,64,0.023104,ok
baseline_junctions_plus_mode_additions_v2,2014e7,2014e5,12,15,51,74,uniform_target_subdivision,0,25,2,8,1.0,199,222,42,2,4,376,64,0.004571,ok
baseline_junctions_plus_mode_additions_v2,2014e7,2014e5,12,15,51,74,adaptive_closest_points,0,25,2,8,1.0,52,75,43,2,5,408,80,0.155154,ok
