source,target,rho,candidate_mode,top_k,subdivision_points,adaptive_max_points_per_source,adaptive_min_separation,matching_target_vertices,matching_target_edges,empty_domains,total_candidates,minimum_candidates,maximum_candidates,estimated_state_upper_bound,largest_candidate_product,elapsed_seconds,status,error
1955e11,1955e3,10.0,target_junctions,25,2,8,1.0,371,581,0,6,2,4,8,8,4.748208,ok,
1955e11,1955e3,10.0,original_target_vertices,25,2,8,1.0,4489,4703,0,26,9,17,153,153,4.436257,ok,
1955e11,1955e3,10.0,uniform_target_subdivision,25,2,8,1.0,1533,1743,0,9,2,7,14,14,0.549629,ok,
1955e11,1955e3,10.0,adaptive_closest_points,25,2,8,1.0,372,582,0,7,2,5,10,10,0.282105,ok,
1955e11,1955e3,12.5,target_junctions,25,2,8,1.0,371,581,0,6,2,4,8,8,0.144201,ok,
1955e11,1955e3,12.5,original_target_vertices,25,2,8,1.0,4489,4703,0,33,13,20,260,260,0.516954,ok,
1955e11,1955e3,12.5,uniform_target_subdivision,25,2,8,1.0,1533,1743,0,10,3,7,21,21,0.544967,ok,
1955e11,1955e3,12.5,adaptive_closest_points,25,2,8,1.0,372,582,0,7,2,5,10,10,0.274217,ok,
1955e11,1955e5,10.0,target_junctions,25,2,8,1.0,70,103,0,6,2,4,8,8,0.030126,ok,
1955e11,1955e5,10.0,original_target_vertices,25,2,8,1.0,2828,2861,0,26,9,17,153,153,3.299659,ok,
1955e11,1955e5,10.0,uniform_target_subdivision,25,2,8,1.0,276,309,0,8,2,6,12,12,0.160194,ok,
1955e11,1955e5,10.0,adaptive_closest_points,25,2,8,1.0,71,104,0,7,2,5,10,10,0.114654,ok,
1955e11,1955e5,12.5,target_junctions,25,2,8,1.0,70,103,0,6,2,4,8,8,0.039548,ok,
1955e11,1955e5,12.5,original_target_vertices,25,2,8,1.0,2828,2861,0,33,13,20,260,260,0.353919,ok,
1955e11,1955e5,12.5,uniform_target_subdivision,25,2,8,1.0,276,309,0,9,3,6,18,18,0.166822,ok,
1955e11,1955e5,12.5,adaptive_closest_points,25,2,8,1.0,71,104,0,7,2,5,10,10,0.107556,ok,
1955e11,1955e7,10.0,target_junctions,25,2,8,1.0,8,9,0,4,2,2,4,4,0.006668,ok,
1955e11,1955e7,10.0,original_target_vertices,25,2,8,1.0,1334,1335,0,22,9,13,117,117,1.860101,ok,
1955e11,1955e7,10.0,uniform_target_subdivision,25,2,8,1.0,26,27,0,4,2,2,4,4,0.047755,ok,
1955e11,1955e7,10.0,adaptive_closest_points,25,2,8,1.0,8,9,0,4,2,2,4,4,0.051636,ok,
1955e11,1955e7,12.5,target_junctions,25,2,8,1.0,8,9,0,4,2,2,4,4,0.006950,ok,
1955e11,1955e7,12.5,original_target_vertices,25,2,8,1.0,1334,1335,0,27,13,14,182,182,0.244577,ok,
1955e11,1955e7,12.5,uniform_target_subdivision,25,2,8,1.0,26,27,0,4,2,2,4,4,0.043641,ok,
1955e11,1955e7,12.5,adaptive_closest_points,25,2,8,1.0,8,9,0,4,2,2,4,4,0.043265,ok,
1955e11,1998e3,10.0,target_junctions,25,2,8,1.0,321,509,0,5,2,3,6,6,0.184204,ok,
1955e11,1998e3,10.0,original_target_vertices,25,2,8,1.0,4322,4511,0,15,6,9,54,54,4.827365,ok,
1955e11,1998e3,10.0,uniform_target_subdivision,25,2,8,1.0,1339,1527,0,8,3,5,15,15,0.588977,ok,
1955e11,1998e3,10.0,adaptive_closest_points,25,2,8,1.0,323,511,0,7,2,5,10,10,0.260950,ok,
1955e11,1998e3,12.5,target_junctions,25,2,8,1.0,321,509,0,7,2,5,10,10,0.125997,ok,
1955e11,1998e3,12.5,original_target_vertices,25,2,8,1.0,4322,4511,0,22,8,14,112,112,0.526758,ok,
1955e11,1998e3,12.5,uniform_target_subdivision,25,2,8,1.0,1339,1527,0,12,3,9,27,27,0.505197,ok,
1955e11,1998e3,12.5,adaptive_closest_points,25,2,8,1.0,323,511,0,9,2,7,14,14,0.262746,ok,
1955e11,1998e5,10.0,target_junctions,25,2,8,1.0,54,78,0,4,2,2,4,4,0.026649,ok,
1955e11,1998e5,10.0,original_target_vertices,25,2,8,1.0,2353,2377,0,14,6,8,48,48,2.784718,ok,
1955e11,1998e5,10.0,uniform_target_subdivision,25,2,8,1.0,210,234,0,4,2,2,4,4,0.128718,ok,
1955e11,1998e5,10.0,adaptive_closest_points,25,2,8,1.0,55,79,0,5,2,3,6,6,0.103278,ok,
1955e11,1998e5,12.5,target_junctions,25,2,8,1.0,54,78,0,4,2,2,4,4,0.029048,ok,
1955e11,1998e5,12.5,original_target_vertices,25,2,8,1.0,2353,2377,0,17,8,9,72,72,0.341945,ok,
1955e11,1998e5,12.5,uniform_target_subdivision,25,2,8,1.0,210,234,0,4,2,2,4,4,0.126635,ok,
1955e11,1998e5,12.5,adaptive_closest_points,25,2,8,1.0,55,79,0,5,2,3,6,6,0.101956,ok,
1955e11,1998e7,10.0,target_junctions,25,2,8,1.0,14,18,1,2,0,2,0,0,0.008485,ok,
1955e11,1998e7,10.0,original_target_vertices,25,2,8,1.0,1545,1549,1,8,0,8,0,0,1.989463,ok,
1955e11,1998e7,10.0,uniform_target_subdivision,25,2,8,1.0,50,54,1,2,0,2,0,0,0.047732,ok,
1955e11,1998e7,10.0,adaptive_closest_points,25,2,8,1.0,15,19,1,3,0,3,0,0,0.089454,ok,
1955e11,1998e7,12.5,target_junctions,25,2,8,1.0,14,18,1,2,0,2,0,0,0.008217,ok,
1955e11,1998e7,12.5,original_target_vertices,25,2,8,1.0,1545,1549,1,9,0,9,0,0,0.213587,ok,
1955e11,1998e7,12.5,uniform_target_subdivision,25,2,8,1.0,50,54,1,2,0,2,0,0,0.050530,ok,
1955e11,1998e7,12.5,adaptive_closest_points,25,2,8,1.0,15,19,1,3,0,3,0,0,0.099096,ok,
1955e11,2014e3,10.0,target_junctions,25,2,8,1.0,317,493,0,6,2,4,8,8,0.157618,ok,
1955e11,2014e3,10.0,original_target_vertices,25,2,8,1.0,4059,4236,0,18,8,10,80,80,4.347538,ok,
1955e11,2014e3,10.0,uniform_target_subdivision,25,2,8,1.0,1303,1479,0,12,4,8,32,32,0.478303,ok,
1955e11,2014e3,10.0,adaptive_closest_points,25,2,8,1.0,321,497,0,10,3,7,21,21,0.253328,ok,
1955e11,2014e3,12.5,target_junctions,25,2,8,1.0,317,493,0,8,4,4,16,16,0.136244,ok,
1955e11,2014e3,12.5,original_target_vertices,25,2,8,1.0,4059,4236,0,21,10,11,110,110,0.458004,ok,
1955e11,2014e3,12.5,uniform_target_subdivision,25,2,8,1.0,1303,1479,0,14,6,8,48,48,0.623272,ok,
1955e11,2014e3,12.5,adaptive_closest_points,25,2,8,1.0,321,497,0,12,5,7,35,35,0.314169,ok,
1955e11,2014e5,10.0,target_junctions,25,2,8,1.0,51,74,1,2,0,2,0,0,0.026554,ok,
1955e11,2014e5,10.0,original_target_vertices,25,2,8,1.0,2366,2389,1,8,0,8,0,0,3.076011,ok,
1955e11,2014e5,10.0,uniform_target_subdivision,25,2,8,1.0,199,222,1,3,0,3,0,0,0.123828,ok,
1955e11,2014e5,10.0,adaptive_closest_points,25,2,8,1.0,52,75,1,3,0,3,0,0,0.092181,ok,
1955e11,2014e5,12.5,target_junctions,25,2,8,1.0,51,74,1,2,0,2,0,0,0.027483,ok,
1955e11,2014e5,12.5,original_target_vertices,25,2,8,1.0,2366,2389,1,9,0,9,0,0,0.296557,ok,
1955e11,2014e5,12.5,uniform_target_subdivision,25,2,8,1.0,199,222,1,3,0,3,0,0,0.121464,ok,
1955e11,2014e5,12.5,adaptive_closest_points,25,2,8,1.0,52,75,1,3,0,3,0,0,0.100562,ok,
1955e11,2014e7,10.0,target_junctions,25,2,8,1.0,12,15,1,2,0,2,0,0,0.007187,ok,
1955e11,2014e7,10.0,original_target_vertices,25,2,8,1.0,1618,1621,1,8,0,8,0,0,2.301708,ok,
1955e11,2014e7,10.0,uniform_target_subdivision,25,2,8,1.0,42,45,1,2,0,2,0,0,0.043130,ok,
1955e11,2014e7,10.0,adaptive_closest_points,25,2,8,1.0,13,16,1,3,0,3,0,0,0.086621,ok,
1955e11,2014e7,12.5,target_junctions,25,2,8,1.0,12,15,1,2,0,2,0,0,0.007282,ok,
1955e11,2014e7,12.5,original_target_vertices,25,2,8,1.0,1618,1621,1,9,0,9,0,0,0.217615,ok,
1955e11,2014e7,12.5,uniform_target_subdivision,25,2,8,1.0,42,45,1,2,0,2,0,0,0.044650,ok,
1955e11,2014e7,12.5,adaptive_closest_points,25,2,8,1.0,13,16,1,3,0,3,0,0,0.084642,ok,
1955e5,1955e3,10.0,target_junctions,25,2,8,1.0,371,581,0,454,2,14,218899,37440,0.189828,ok,
1955e5,1955e3,10.0,original_target_vertices,25,2,8,1.0,4489,4703,0,1517,2,57,40122454,6309900,0.581019,ok,
1955e5,1955e3,10.0,uniform_target_subdivision,25,2,8,1.0,1533,1743,0,850,2,34,4446682,1256640,0.570775,ok,
1955e5,1955e3,10.0,adaptive_closest_points,25,2,8,1.0,454,664,0,555,2,16,611189,147840,0.901177,ok,
1955e5,1955e3,12.5,target_junctions,25,2,8,1.0,371,581,0,515,2,17,449343,67320,0.152618,ok,
1955e5,1955e3,12.5,original_target_vertices,25,2,8,1.0,4489,4703,0,1966,3,77,120271322,21092400,0.602924,ok,
1955e5,1955e3,12.5,uniform_target_subdivision,25,2,8,1.0,1533,1743,0,1055,2,43,10807053,2889600,0.658390,ok,
1955e5,1955e3,12.5,adaptive_closest_points,25,2,8,1.0,468,678,0,641,2,21,1336124,252252,1.003909,ok,
1955e5,1998e3,10.0,target_junctions,25,2,8,1.0,321,509,0,394,2,13,104835,16380,0.158227,ok,
1955e5,1998e3,10.0,original_target_vertices,25,2,8,1.0,4322,4511,0,1284,5,54,56135757,16498944,0.566612,ok,
1955e5,1998e3,10.0,uniform_target_subdivision,25,2,8,1.0,1339,1527,0,692,2,30,1457211,356400,0.550116,ok,
1955e5,1998e3,10.0,adaptive_closest_points,25,2,8,1.0,522,710,0,629,2,19,908492,165528,0.889019,ok,
1955e5,1998e3,12.5,target_junctions,25,2,8,1.0,321,509,0,453,2,13,153746,22932,0.147385,ok,
1955e5,1998e3,12.5,original_target_vertices,25,2,8,1.0,4322,4511,0,1737,7,75,145509109,41983200,0.546141,ok,
1955e5,1998e3,12.5,uniform_target_subdivision,25,2,8,1.0,1339,1527,0,900,3,37,3970593,875420,0.506403,ok,
1955e5,1998e3,12.5,adaptive_closest_points,25,2,8,1.0,543,731,0,722,2,19,1580916,260832,0.893528,ok,
1955e5,2014e3,10.0,target_junctions,25,2,8,1.0,317,493,0,339,2,9,69714,12348,0.137749,ok,
1955e5,2014e3,10.0,original_target_vertices,25,2,8,1.0,4059,4236,0,1284,2,48,36978450,8996400,0.512003,ok,
1955e5,2014e3,10.0,uniform_target_subdivision,25,2,8,1.0,1303,1479,0,597,2,20,1033808,262080,0.503834,ok,
1955e5,2014e3,10.0,adaptive_closest_points,25,2,8,1.0,501,677,0,554,2,16,713630,141120,0.884444,ok,
1955e5,2014e3,12.5,target_junctions,25,2,8,1.0,317,493,0,393,2,10,139863,24696,0.144505,ok,
1955e5,2014e3,12.5,original_target_vertices,25,2,8,1.0,4059,4236,0,1716,2,58,124108259,32820480,0.516836,ok,
1955e5,2014e3,12.5,uniform_target_subdivision,25,2,8,1.0,1303,1479,0,751,2,25,2636558,556920,0.503834,ok,
1955e5,2014e3,12.5,adaptive_closest_points,25,2,8,1.0,531,707,0,658,2,18,1631875,329120,0.808906,ok,
1955e7,1955e3,10.0,target_junctions,25,2,8,1.0,371,581,0,48,2,14,526,360,0.143759,ok,
1955e7,1955e3,10.0,original_target_vertices,25,2,8,1.0,4489,4703,0,149,2,41,15142,13776,0.503463,ok,
1955e7,1955e3,10.0,uniform_target_subdivision,25,2,8,1.0,1533,1743,0,93,2,27,3587,3040,0.544572,ok,
1955e7,1955e3,10.0,adaptive_closest_points,25,2,8,1.0,377,587,0,54,2,14,852,660,0.327177,ok,
1955e7,1955e3,12.5,target_junctions,25,2,8,1.0,371,581,0,52,2,16,626,440,0.140921,ok,
1955e7,1955e3,12.5,original_target_vertices,25,2,8,1.0,4489,4703,0,187,3,47,32613,30456,0.517571,ok,
1955e7,1955e3,12.5,uniform_target_subdivision,25,2,8,1.0,1533,1743,0,110,2,34,5467,4725,0.620446,ok,
1955e7,1955e3,12.5,adaptive_closest_points,25,2,8,1.0,377,587,0,58,2,16,994,780,0.332617,ok,
1955e7,1955e5,10.0,target_junctions,25,2,8,1.0,70,103,0,33,2,7,188,96,0.030331,ok,
1955e7,1955e5,10.0,original_target_vertices,25,2,8,1.0,2828,2861,0,124,2,28,6488,5376,0.345130,ok,
1955e7,1955e5,10.0,uniform_target_subdivision,25,2,8,1.0,276,309,0,42,2,10,324,180,0.155010,ok,
1955e7,1955e5,10.0,adaptive_closest_points,25,2,8,1.0,75,108,0,38,2,8,276,160,0.139945,ok,
1955e7,1955e5,12.5,target_junctions,25,2,8,1.0,70,103,0,33,2,7,188,96,0.035819,ok,
1955e7,1955e5,12.5,original_target_vertices,25,2,8,1.0,2828,2861,0,155,3,31,15941,14229,0.347304,ok,
1955e7,1955e5,12.5,uniform_target_subdivision,25,2,8,1.0,276,309,0,48,2,12,497,336,0.157296,ok,
1955e7,1955e5,12.5,adaptive_closest_points,25,2,8,1.0,75,108,0,38,2,8,276,160,0.142733,ok,
1955e7,1998e3,10.0,target_junctions,25,2,8,1.0,321,509,0,42,2,8,339,210,0.160938,ok,
1955e7,1998e3,10.0,original_target_vertices,25,2,8,1.0,4322,4511,0,91,6,16,2322,1638,0.491765,ok,
1955e7,1998e3,10.0,uniform_target_subdivision,25,2,8,1.0,1339,1527,0,67,3,16,921,616,0.494871,ok,
1955e7,1998e3,10.0,adaptive_closest_points,25,2,8,1.0,346,534,0,67,2,14,1238,924,0.313751,ok,
1955e7,1998e3,12.5,target_junctions,25,2,8,1.0,321,509,0,46,2,9,419,270,0.133713,ok,
1955e7,1998e3,12.5,original_target_vertices,25,2,8,1.0,4322,4511,0,116,8,18,5077,4032,0.499114,ok,
1955e7,1998e3,12.5,uniform_target_subdivision,25,2,8,1.0,1339,1527,0,91,3,20,2528,1989,0.492118,ok,
1955e7,1998e3,12.5,adaptive_closest_points,25,2,8,1.0,347,535,0,72,2,15,1503,1155,0.311381,ok,
1955e7,1998e5,10.0,target_junctions,25,2,8,1.0,54,78,0,27,2,5,121,60,0.024512,ok,
1955e7,1998e5,10.0,original_target_vertices,25,2,8,1.0,2353,2377,0,70,6,13,1027,624,0.346435,ok,
1955e7,1998e5,10.0,uniform_target_subdivision,25,2,8,1.0,210,234,0,30,2,5,170,100,0.136357,ok,
1955e7,1998e5,10.0,adaptive_closest_points,25,2,8,1.0,68,92,0,41,2,8,379,240,0.130242,ok,
1955e7,1998e5,12.5,target_junctions,25,2,8,1.0,54,78,0,29,2,6,155,90,0.029426,ok,
1955e7,1998e5,12.5,original_target_vertices,25,2,8,1.0,2353,2377,0,87,8,13,2153,1560,0.295532,ok,
1955e7,1998e5,12.5,uniform_target_subdivision,25,2,8,1.0,210,234,0,37,2,9,321,225,0.131013,ok,
1955e7,1998e5,12.5,adaptive_closest_points,25,2,8,1.0,69,93,0,44,2,9,505,360,0.140804,ok,
1955e7,1998e7,10.0,target_junctions,25,2,8,1.0,14,18,1,22,0,4,76,32,0.008702,ok,
1955e7,1998e7,10.0,original_target_vertices,25,2,8,1.0,1545,1549,1,62,0,12,850,504,0.222889,ok,
1955e7,1998e7,10.0,uniform_target_subdivision,25,2,8,1.0,50,54,1,22,0,4,76,32,0.045036,ok,
1955e7,1998e7,10.0,adaptive_closest_points,25,2,8,1.0,25,29,1,33,0,6,207,108,0.142489,ok,
1955e7,1998e7,12.5,target_junctions,25,2,8,1.0,14,18,1,22,0,4,76,32,0.007315,ok,
1955e7,1998e7,12.5,original_target_vertices,25,2,8,1.0,1545,1549,1,76,0,13,1659,1188,0.217802,ok,
1955e7,1998e7,12.5,uniform_target_subdivision,25,2,8,1.0,50,54,1,22,0,4,76,32,0.045269,ok,
1955e7,1998e7,12.5,adaptive_closest_points,25,2,8,1.0,25,29,1,33,0,6,207,108,0.143238,ok,
1955e7,2014e3,10.0,target_junctions,25,2,8,1.0,317,493,0,32,2,7,162,84,0.158154,ok,
1955e7,2014e3,10.0,original_target_vertices,25,2,8,1.0,4059,4236,0,87,2,24,2026,1512,0.478862,ok,
1955e7,2014e3,10.0,uniform_target_subdivision,25,2,8,1.0,1303,1479,0,56,2,14,721,504,0.480750,ok,
1955e7,2014e3,10.0,adaptive_closest_points,25,2,8,1.0,331,507,0,46,2,9,471,324,0.298411,ok,
1955e7,2014e3,12.5,target_junctions,25,2,8,1.0,317,493,0,36,2,8,224,128,0.129686,ok,
1955e7,2014e3,12.5,original_target_vertices,25,2,8,1.0,4059,4236,0,114,2,31,7311,6510,0.458750,ok,
1955e7,2014e3,12.5,uniform_target_subdivision,25,2,8,1.0,1303,1479,0,71,2,17,1836,1496,0.473446,ok,
1955e7,2014e3,12.5,adaptive_closest_points,25,2,8,1.0,332,508,0,51,2,11,638,462,0.291902,ok,
1955e7,2014e5,10.0,target_junctions,25,2,8,1.0,51,74,1,21,0,6,68,36,0.021357,ok,
1955e7,2014e5,10.0,original_target_vertices,25,2,8,1.0,2366,2389,1,70,0,24,1028,672,0.346581,ok,
1955e7,2014e5,10.0,uniform_target_subdivision,25,2,8,1.0,199,222,1,27,0,8,143,96,0.119013,ok,
1955e7,2014e5,10.0,adaptive_closest_points,25,2,8,1.0,60,83,1,30,0,7,170,105,0.126519,ok,
1955e7,2014e5,12.5,target_junctions,25,2,8,1.0,51,74,1,22,0,6,80,48,0.027588,ok,
1955e7,2014e5,12.5,original_target_vertices,25,2,8,1.0,2366,2389,1,89,0,30,3141,2640,0.297691,ok,
1955e7,2014e5,12.5,uniform_target_subdivision,25,2,8,1.0,199,222,1,28,0,8,167,120,0.123090,ok,
1955e7,2014e5,12.5,adaptive_closest_points,25,2,8,1.0,60,83,1,31,0,7,191,126,0.129225,ok,
1955e7,2014e7,10.0,target_junctions,25,2,8,1.0,12,15,1,15,0,3,28,12,0.008498,ok,
1955e7,2014e7,10.0,original_target_vertices,25,2,8,1.0,1618,1621,1,59,0,16,737,448,0.213476,ok,
1955e7,2014e7,10.0,uniform_target_subdivision,25,2,8,1.0,42,45,1,17,0,3,40,18,0.044571,ok,
1955e7,2014e7,10.0,adaptive_closest_points,25,2,8,1.0,19,22,1,22,0,5,78,45,0.125439,ok,
1955e7,2014e7,12.5,target_junctions,25,2,8,1.0,12,15,1,16,0,4,32,16,0.008115,ok,
1955e7,2014e7,12.5,original_target_vertices,25,2,8,1.0,1618,1621,1,78,0,22,2364,1936,0.231554,ok,
1955e7,2014e7,12.5,uniform_target_subdivision,25,2,8,1.0,42,45,1,18,0,4,46,24,0.045715,ok,
1955e7,2014e7,12.5,adaptive_closest_points,25,2,8,1.0,19,22,1,23,0,6,87,54,0.128080,ok,
1998e11,1955e3,10.0,target_junctions,25,2,8,1.0,371,581,0,5,2,3,6,6,0.173200,ok,
1998e11,1955e3,10.0,original_target_vertices,25,2,8,1.0,4489,4703,0,24,8,16,128,128,0.505001,ok,
1998e11,1955e3,10.0,uniform_target_subdivision,25,2,8,1.0,1533,1743,0,10,4,6,24,24,0.539362,ok,
1998e11,1955e3,10.0,adaptive_closest_points,25,2,8,1.0,373,583,0,7,3,4,12,12,0.283717,ok,
1998e11,1955e3,12.5,target_junctions,25,2,8,1.0,371,581,0,6,2,4,8,8,0.140285,ok,
1998e11,1955e3,12.5,original_target_vertices,25,2,8,1.0,4489,4703,0,27,8,19,152,152,0.519800,ok,
1998e11,1955e3,12.5,uniform_target_subdivision,25,2,8,1.0,1533,1743,0,11,4,7,28,28,0.544310,ok,
1998e11,1955e3,12.5,adaptive_closest_points,25,2,8,1.0,373,583,0,8,3,5,15,15,0.281504,ok,
1998e11,1955e5,10.0,target_junctions,25,2,8,1.0,70,103,0,5,2,3,6,6,0.031865,ok,
1998e11,1955e5,10.0,original_target_vertices,25,2,8,1.0,2828,2861,0,24,8,16,128,128,0.392610,ok,
1998e11,1955e5,10.0,uniform_target_subdivision,25,2,8,1.0,276,309,0,8,3,5,15,15,0.165603,ok,
1998e11,1955e5,10.0,adaptive_closest_points,25,2,8,1.0,72,105,0,7,3,4,12,12,0.107634,ok,
1998e11,1955e5,12.5,target_junctions,25,2,8,1.0,70,103,0,6,2,4,8,8,0.038077,ok,
1998e11,1955e5,12.5,original_target_vertices,25,2,8,1.0,2828,2861,0,27,8,19,152,152,0.330319,ok,
1998e11,1955e5,12.5,uniform_target_subdivision,25,2,8,1.0,276,309,0,10,4,6,24,24,0.170046,ok,
1998e11,1955e5,12.5,adaptive_closest_points,25,2,8,1.0,72,105,0,8,3,5,15,15,0.101729,ok,
1998e11,1955e7,10.0,target_junctions,25,2,8,1.0,8,9,1,2,0,2,0,0,0.005017,ok,
1998e11,1955e7,10.0,original_target_vertices,25,2,8,1.0,1334,1335,1,12,0,12,0,0,0.185993,ok,
1998e11,1955e7,10.0,uniform_target_subdivision,25,2,8,1.0,26,27,1,2,0,2,0,0,0.032684,ok,
1998e11,1955e7,10.0,adaptive_closest_points,25,2,8,1.0,8,9,1,2,0,2,0,0,0.037944,ok,
1998e11,1955e7,12.5,target_junctions,25,2,8,1.0,8,9,1,2,0,2,0,0,0.004777,ok,
1998e11,1955e7,12.5,original_target_vertices,25,2,8,1.0,1334,1335,1,13,0,13,0,0,0.191202,ok,
1998e11,1955e7,12.5,uniform_target_subdivision,25,2,8,1.0,26,27,1,2,0,2,0,0,0.034508,ok,
1998e11,1955e7,12.5,adaptive_closest_points,25,2,8,1.0,8,9,1,2,0,2,0,0,0.037095,ok,
1998e11,1998e3,10.0,target_junctions,25,2,8,1.0,321,509,0,7,3,4,12,12,0.162943,ok,
1998e11,1998e3,10.0,original_target_vertices,25,2,8,1.0,4322,4511,0,22,9,13,117,117,0.477161,ok,
1998e11,1998e3,10.0,uniform_target_subdivision,25,2,8,1.0,1339,1527,0,10,5,5,25,25,0.516549,ok,
1998e11,1998e3,10.0,adaptive_closest_points,25,2,8,1.0,322,510,0,8,4,4,16,16,0.257835,ok,
1998e11,1998e3,12.5,target_junctions,25,2,8,1.0,321,509,0,9,4,5,20,20,0.125956,ok,
1998e11,1998e3,12.5,original_target_vertices,25,2,8,1.0,4322,4511,0,30,14,16,224,224,0.475814,ok,
1998e11,1998e3,12.5,uniform_target_subdivision,25,2,8,1.0,1339,1527,0,15,6,9,54,54,0.486955,ok,
1998e11,1998e3,12.5,adaptive_closest_points,25,2,8,1.0,322,510,0,10,4,6,24,24,0.260046,ok,
1998e11,1998e5,10.0,target_junctions,25,2,8,1.0,54,78,0,6,2,4,8,8,0.026139,ok,
1998e11,1998e5,10.0,original_target_vertices,25,2,8,1.0,2353,2377,0,21,8,13,104,104,0.289566,ok,
1998e11,1998e5,10.0,uniform_target_subdivision,25,2,8,1.0,210,234,0,6,2,4,8,8,0.129568,ok,
1998e11,1998e5,10.0,adaptive_closest_points,25,2,8,1.0,54,78,0,6,2,4,8,8,0.047657,ok,
1998e11,1998e5,12.5,target_junctions,25,2,8,1.0,54,78,0,6,2,4,8,8,0.029066,ok,
1998e11,1998e5,12.5,original_target_vertices,25,2,8,1.0,2353,2377,0,25,9,16,144,144,0.347175,ok,
1998e11,1998e5,12.5,uniform_target_subdivision,25,2,8,1.0,210,234,0,6,2,4,8,8,0.156533,ok,
1998e11,1998e5,12.5,adaptive_closest_points,25,2,8,1.0,54,78,0,6,2,4,8,8,0.048112,ok,
1998e11,1998e7,10.0,target_junctions,25,2,8,1.0,14,18,0,4,2,2,4,4,0.008093,ok,
1998e11,1998e7,10.0,original_target_vertices,25,2,8,1.0,1545,1549,0,16,8,8,64,64,0.210465,ok,
1998e11,1998e7,10.0,uniform_target_subdivision,25,2,8,1.0,50,54,0,4,2,2,4,4,0.046608,ok,
1998e11,1998e7,10.0,adaptive_closest_points,25,2,8,1.0,14,18,0,4,2,2,4,4,0.029869,ok,
1998e11,1998e7,12.5,target_junctions,25,2,8,1.0,14,18,0,4,2,2,4,4,0.009710,ok,
1998e11,1998e7,12.5,original_target_vertices,25,2,8,1.0,1545,1549,0,19,9,10,90,90,0.211926,ok,
1998e11,1998e7,12.5,uniform_target_subdivision,25,2,8,1.0,50,54,0,4,2,2,4,4,0.047444,ok,
1998e11,1998e7,12.5,adaptive_closest_points,25,2,8,1.0,14,18,0,4,2,2,4,4,0.030700,ok,
1998e11,2014e3,10.0,target_junctions,25,2,8,1.0,317,493,0,8,2,6,12,12,0.158328,ok,
1998e11,2014e3,10.0,original_target_vertices,25,2,8,1.0,4059,4236,0,23,8,15,120,120,0.472939,ok,
1998e11,2014e3,10.0,uniform_target_subdivision,25,2,8,1.0,1303,1479,0,14,4,10,40,40,0.476019,ok,
1998e11,2014e3,10.0,adaptive_closest_points,25,2,8,1.0,317,493,0,8,2,6,12,12,0.144692,ok,
1998e11,2014e3,12.5,target_junctions,25,2,8,1.0,317,493,0,12,5,7,35,35,0.125552,ok,
1998e11,2014e3,12.5,original_target_vertices,25,2,8,1.0,4059,4236,0,37,14,23,322,322,0.461766,ok,
1998e11,2014e3,12.5,uniform_target_subdivision,25,2,8,1.0,1303,1479,0,21,7,14,98,98,0.469572,ok,
1998e11,2014e3,12.5,adaptive_closest_points,25,2,8,1.0,320,496,0,15,6,9,54,54,0.256893,ok,
1998e11,2014e5,10.0,target_junctions,25,2,8,1.0,51,74,0,4,2,2,4,4,0.024886,ok,
1998e11,2014e5,10.0,original_target_vertices,25,2,8,1.0,2366,2389,0,15,7,8,56,56,0.291380,ok,
1998e11,2014e5,10.0,uniform_target_subdivision,25,2,8,1.0,199,222,0,6,3,3,9,9,0.116804,ok,
1998e11,2014e5,10.0,adaptive_closest_points,25,2,8,1.0,51,74,0,4,2,2,4,4,0.037257,ok,
1998e11,2014e5,12.5,target_junctions,25,2,8,1.0,51,74,0,5,2,3,6,6,0.028298,ok,
1998e11,2014e5,12.5,original_target_vertices,25,2,8,1.0,2366,2389,0,20,9,11,99,99,0.305415,ok,
1998e11,2014e5,12.5,uniform_target_subdivision,25,2,8,1.0,199,222,0,7,3,4,12,12,0.121072,ok,
1998e11,2014e5,12.5,adaptive_closest_points,25,2,8,1.0,52,75,0,6,2,4,8,8,0.099063,ok,
1998e11,2014e7,10.0,target_junctions,25,2,8,1.0,12,15,0,4,2,2,4,4,0.008642,ok,
1998e11,2014e7,10.0,original_target_vertices,25,2,8,1.0,1618,1621,0,15,7,8,56,56,0.215759,ok,
1998e11,2014e7,10.0,uniform_target_subdivision,25,2,8,1.0,42,45,0,5,2,3,6,6,0.041385,ok,
1998e11,2014e7,10.0,adaptive_closest_points,25,2,8,1.0,12,15,0,4,2,2,4,4,0.020819,ok,
1998e11,2014e7,12.5,target_junctions,25,2,8,1.0,12,15,0,4,2,2,4,4,0.009333,ok,
1998e11,2014e7,12.5,original_target_vertices,25,2,8,1.0,1618,1621,0,17,8,9,72,72,0.223870,ok,
1998e11,2014e7,12.5,uniform_target_subdivision,25,2,8,1.0,42,45,0,5,2,3,6,6,0.043355,ok,
1998e11,2014e7,12.5,adaptive_closest_points,25,2,8,1.0,12,15,0,4,2,2,4,4,0.021854,ok,
1998e3,1955e3,10.0,target_junctions,25,2,8,1.0,371,581,2,1872,0,16,2631543,408375,0.191954,ok,
1998e3,1955e3,10.0,original_target_vertices,25,2,8,1.0,4489,4703,2,6803,0,66,3608025250,1696121856,0.772304,ok,
1998e3,1955e3,10.0,uniform_target_subdivision,25,2,8,1.0,1533,1743,2,3555,0,45,141445608,39519900,0.662922,ok,
1998e3,1955e3,10.0,adaptive_closest_points,25,2,8,1.0,1165,1375,2,3462,0,24,42221077,5612828,3.170911,ok,
1998e3,1955e3,12.5,target_junctions,25,2,8,1.0,371,581,0,2210,2,17,6457753,1176000,0.195147,ok,
1998e3,1955e3,12.5,original_target_vertices,25,2,8,1.0,4489,4703,0,9338,2,85,21724644275,10904536440,0.764112,ok,
1998e3,1955e3,12.5,uniform_target_subdivision,25,2,8,1.0,1533,1743,0,4531,2,49,470952519,126595872,0.727854,ok,
1998e3,1955e3,12.5,adaptive_closest_points,25,2,8,1.0,1273,1483,0,4161,2,25,108486702,16030080,3.337871,ok,
1998e5,1955e3,10.0,target_junctions,25,2,8,1.0,371,581,1,318,0,15,66066,14400,0.153358,ok,
1998e5,1955e3,10.0,original_target_vertices,25,2,8,1.0,4489,4703,1,1050,0,55,10356823,3260400,0.563746,ok,
1998e5,1955e3,10.0,uniform_target_subdivision,25,2,8,1.0,1533,1743,1,584,0,36,905598,308448,0.567969,ok,
1998e5,1955e3,10.0,adaptive_closest_points,25,2,8,1.0,517,727,1,502,0,21,440603,99792,0.780109,ok,
1998e5,1955e3,12.5,target_junctions,25,2,8,1.0,371,581,0,384,2,17,139047,34000,0.153702,ok,
1998e5,1955e3,12.5,original_target_vertices,25,2,8,1.0,4489,4703,0,1422,2,80,36353835,13994400,0.571204,ok,
1998e5,1955e3,12.5,uniform_target_subdivision,25,2,8,1.0,1533,1743,0,752,2,49,2680867,1143072,0.728210,ok,
1998e5,1955e3,12.5,adaptive_closest_points,25,2,8,1.0,534,744,0,595,2,24,864904,219024,1.031451,ok,
1998e5,1955e5,10.0,target_junctions,25,2,8,1.0,70,103,2,182,0,7,6612,720,0.046611,ok,
1998e5,1955e5,10.0,original_target_vertices,25,2,8,1.0,2828,2861,2,767,0,35,1962208,328510,0.370269,ok,
1998e5,1955e5,10.0,uniform_target_subdivision,25,2,8,1.0,276,309,2,236,0,11,16942,2400,0.180780,ok,
1998e5,1955e5,10.0,adaptive_closest_points,25,2,8,1.0,153,186,2,290,0,13,45679,7200,0.405401,ok,
1998e5,1955e5,12.5,target_junctions,25,2,8,1.0,70,103,0,205,2,7,10428,1440,0.048625,ok,
1998e5,1955e5,12.5,original_target_vertices,25,2,8,1.0,2828,2861,0,996,2,44,5694940,1135200,0.415849,ok,
1998e5,1955e5,12.5,uniform_target_subdivision,25,2,8,1.0,276,309,0,284,2,11,45895,11200,0.186088,ok,
1998e5,1955e5,12.5,adaptive_closest_points,25,2,8,1.0,159,192,0,323,2,14,67342,12000,0.438668,ok,
1998e5,1998e3,10.0,target_junctions,25,2,8,1.0,321,509,0,339,2,13,77396,14560,0.167239,ok,
1998e5,1998e3,10.0,original_target_vertices,25,2,8,1.0,4322,4511,0,1041,6,55,9654153,4118400,0.557321,ok,
1998e5,1998e3,10.0,uniform_target_subdivision,25,2,8,1.0,1339,1527,0,609,3,31,690637,167648,0.534461,ok,
1998e5,1998e3,10.0,adaptive_closest_points,25,2,8,1.0,367,555,0,401,2,16,134926,27648,0.702647,ok,
1998e5,1998e3,12.5,target_junctions,25,2,8,1.0,321,509,0,381,2,16,122917,24576,0.161164,ok,
1998e5,1998e3,12.5,original_target_vertices,25,2,8,1.0,4322,4511,0,1386,8,80,36971947,20865600,0.703046,ok,
1998e5,1998e3,12.5,uniform_target_subdivision,25,2,8,1.0,1339,1527,0,743,3,45,1816477,612000,0.612680,ok,
1998e5,1998e3,12.5,adaptive_closest_points,25,2,8,1.0,379,567,0,463,2,19,254547,60800,0.765528,ok,
1998e5,2014e3,10.0,target_junctions,25,2,8,1.0,317,493,1,301,0,9,47199,8064,0.137014,ok,
1998e5,2014e3,10.0,original_target_vertices,25,2,8,1.0,4059,4236,1,954,0,43,8121885,3551232,0.564666,ok,
1998e5,2014e3,10.0,uniform_target_subdivision,25,2,8,1.0,1303,1479,1,497,0,16,337687,67200,0.494416,ok,
1998e5,2014e3,10.0,adaptive_closest_points,25,2,8,1.0,447,623,1,462,0,15,281796,74250,0.704782,ok,
1998e5,2014e3,12.5,target_junctions,25,2,8,1.0,317,493,1,354,0,11,70343,8064,0.130970,ok,
1998e5,2014e3,12.5,original_target_vertices,25,2,8,1.0,4059,4236,1,1326,0,54,21443550,8853600,0.563572,ok,
1998e5,2014e3,12.5,uniform_target_subdivision,25,2,8,1.0,1303,1479,1,649,0,22,676253,101376,0.491726,ok,
1998e5,2014e3,12.5,adaptive_closest_points,25,2,8,1.0,472,648,1,556,0,19,415743,74250,0.722262,ok,
1998e7,1955e3,10.0,target_junctions,25,2,8,1.0,371,581,1,83,0,12,2729,605,0.141990,ok,
1998e7,1955e3,10.0,original_target_vertices,25,2,8,1.0,4489,4703,1,266,0,44,74417,15488,0.518299,ok,
1998e7,1955e3,10.0,uniform_target_subdivision,25,2,8,1.0,1533,1743,1,152,0,27,12419,3240,0.548266,ok,
1998e7,1955e3,10.0,adaptive_closest_points,25,2,8,1.0,408,618,1,120,0,17,8253,2312,0.392458,ok,
1998e7,1955e3,12.5,target_junctions,25,2,8,1.0,371,581,0,99,2,14,4086,864,0.149459,ok,
1998e7,1955e3,12.5,original_target_vertices,25,2,8,1.0,4489,4703,0,340,2,62,144605,26784,0.510074,ok,
1998e7,1955e3,12.5,uniform_target_subdivision,25,2,8,1.0,1533,1743,0,189,2,34,23352,4998,0.563446,ok,
1998e7,1955e3,12.5,adaptive_closest_points,25,2,8,1.0,411,621,0,139,2,20,11436,2720,0.402425,ok,
1998e7,1955e5,10.0,target_junctions,25,2,8,1.0,70,103,1,53,0,7,858,140,0.035594,ok,
1998e7,1955e5,10.0,original_target_vertices,25,2,8,1.0,2828,2861,1,210,0,35,41941,9555,0.397996,ok,
1998e7,1955e5,10.0,uniform_target_subdivision,25,2,8,1.0,276,309,1,73,0,11,1738,300,0.169801,ok,
1998e7,1955e5,10.0,adaptive_closest_points,25,2,8,1.0,93,126,1,76,0,10,2667,560,0.176970,ok,
1998e7,1955e5,12.5,target_junctions,25,2,8,1.0,70,103,0,59,2,7,928,140,0.038854,ok,
1998e7,1955e5,12.5,original_target_vertices,25,2,8,1.0,2828,2861,0,257,2,44,70144,14872,0.350109,ok,
1998e7,1955e5,12.5,uniform_target_subdivision,25,2,8,1.0,276,309,0,85,2,11,2414,420,0.172890,ok,
1998e7,1955e5,12.5,adaptive_closest_points,25,2,8,1.0,94,127,0,83,2,10,2830,560,0.180342,ok,
1998e7,1998e3,10.0,target_junctions,25,2,8,1.0,321,509,0,82,3,11,2201,528,0.162887,ok,
1998e7,1998e3,10.0,original_target_vertices,25,2,8,1.0,4322,4511,0,238,9,50,48500,12000,0.493994,ok,
1998e7,1998e3,10.0,uniform_target_subdivision,25,2,8,1.0,1339,1527,0,156,5,22,15108,3740,0.524079,ok,
1998e7,1998e3,10.0,adaptive_closest_points,25,2,8,1.0,330,518,0,91,4,11,2860,693,0.363465,ok,
1998e7,1998e3,12.5,target_junctions,25,2,8,1.0,321,509,0,97,4,13,3456,858,0.131969,ok,
1998e7,1998e3,12.5,original_target_vertices,25,2,8,1.0,4322,4511,0,317,13,60,123600,28080,0.498889,ok,
1998e7,1998e3,12.5,uniform_target_subdivision,25,2,8,1.0,1339,1527,0,197,6,29,27586,6264,0.489637,ok,
1998e7,1998e3,12.5,adaptive_closest_points,25,2,8,1.0,332,520,0,108,4,14,4493,1078,0.356960,ok,
1998e7,1998e5,10.0,target_junctions,25,2,8,1.0,54,78,0,59,2,6,888,144,0.028054,ok,
1998e7,1998e5,10.0,original_target_vertices,25,2,8,1.0,2353,2377,0,194,7,28,26269,5460,0.299575,ok,
1998e7,1998e5,10.0,uniform_target_subdivision,25,2,8,1.0,210,234,0,74,2,8,1963,512,0.130022,ok,
1998e7,1998e5,10.0,adaptive_closest_points,25,2,8,1.0,55,79,0,60,2,7,952,168,0.170360,ok,
1998e7,1998e5,12.5,target_junctions,25,2,8,1.0,54,78,0,64,2,6,1162,216,0.032717,ok,
1998e7,1998e5,12.5,original_target_vertices,25,2,8,1.0,2353,2377,0,247,9,31,58667,10478,0.290183,ok,
1998e7,1998e5,12.5,uniform_target_subdivision,25,2,8,1.0,210,234,0,81,2,10,2642,720,0.212961,ok,
1998e7,1998e5,12.5,adaptive_closest_points,25,2,8,1.0,57,81,0,67,2,7,1409,294,0.135081,ok,
1998e7,2014e3,10.0,target_junctions,25,2,8,1.0,317,493,1,76,0,8,2402,448,0.160692,ok,
1998e7,2014e3,10.0,original_target_vertices,25,2,8,1.0,4059,4236,1,229,0,36,51508,9072,0.476967,ok,
1998e7,2014e3,10.0,uniform_target_subdivision,25,2,8,1.0,1303,1479,1,136,0,16,14700,2912,0.479816,ok,
1998e7,2014e3,10.0,adaptive_closest_points,25,2,8,1.0,344,520,1,103,0,13,5735,1080,0.361160,ok,
1998e7,2014e3,12.5,target_junctions,25,2,8,1.0,317,493,1,86,0,9,3174,448,0.123834,ok,
1998e7,2014e3,12.5,original_target_vertices,25,2,8,1.0,4059,4236,1,305,0,45,115193,20160,0.473266,ok,
1998e7,2014e3,12.5,uniform_target_subdivision,25,2,8,1.0,1303,1479,1,168,0,21,24877,4590,0.491225,ok,
1998e7,2014e3,12.5,adaptive_closest_points,25,2,8,1.0,348,524,1,117,0,14,7424,1200,0.351015,ok,
1998e7,2014e5,10.0,target_junctions,25,2,8,1.0,51,74,1,48,0,6,560,96,0.024833,ok,
1998e7,2014e5,10.0,original_target_vertices,25,2,8,1.0,2366,2389,1,160,0,19,17977,2926,0.303110,ok,
1998e7,2014e5,10.0,uniform_target_subdivision,25,2,8,1.0,199,222,1,63,0,8,1143,240,0.127063,ok,
1998e7,2014e5,10.0,adaptive_closest_points,25,2,8,1.0,67,90,1,64,0,8,1337,240,0.155192,ok,
1998e7,2014e5,12.5,target_junctions,25,2,8,1.0,51,74,1,51,0,6,646,144,0.028311,ok,
1998e7,2014e5,12.5,original_target_vertices,25,2,8,1.0,2366,2389,1,209,0,27,40797,6318,0.296543,ok,
1998e7,2014e5,12.5,uniform_target_subdivision,25,2,8,1.0,199,222,1,69,0,9,1501,360,0.128499,ok,
1998e7,2014e5,12.5,adaptive_closest_points,25,2,8,1.0,68,91,1,68,0,8,1527,336,0.158304,ok,
2014e11,1955e3,10.0,target_junctions,25,2,8,1.0,371,581,0,5,2,3,6,6,0.168450,ok,
2014e11,1955e3,10.0,original_target_vertices,25,2,8,1.0,4489,4703,0,24,8,16,128,128,0.566256,ok,
2014e11,1955e3,10.0,uniform_target_subdivision,25,2,8,1.0,1533,1743,0,10,4,6,24,24,0.544279,ok,
2014e11,1955e3,10.0,adaptive_closest_points,25,2,8,1.0,373,583,0,7,3,4,12,12,0.278776,ok,
2014e11,1955e3,12.5,target_junctions,25,2,8,1.0,371,581,0,6,2,4,8,8,0.140052,ok,
2014e11,1955e3,12.5,original_target_vertices,25,2,8,1.0,4489,4703,0,27,8,19,152,152,0.515746,ok,
2014e11,1955e3,12.5,uniform_target_subdivision,25,2,8,1.0,1533,1743,0,11,4,7,28,28,0.541748,ok,
2014e11,1955e3,12.5,adaptive_closest_points,25,2,8,1.0,373,583,0,8,3,5,15,15,0.284382,ok,
2014e11,1955e5,10.0,target_junctions,25,2,8,1.0,70,103,0,5,2,3,6,6,0.031300,ok,
2014e11,1955e5,10.0,original_target_vertices,25,2,8,1.0,2828,2861,0,24,8,16,128,128,0.359569,ok,
2014e11,1955e5,10.0,uniform_target_subdivision,25,2,8,1.0,276,309,0,8,3,5,15,15,0.162011,ok,
2014e11,1955e5,10.0,adaptive_closest_points,25,2,8,1.0,72,105,0,7,3,4,12,12,0.104053,ok,
2014e11,1955e5,12.5,target_junctions,25,2,8,1.0,70,103,0,6,2,4,8,8,0.036213,ok,
2014e11,1955e5,12.5,original_target_vertices,25,2,8,1.0,2828,2861,0,27,8,19,152,152,0.331541,ok,
2014e11,1955e5,12.5,uniform_target_subdivision,25,2,8,1.0,276,309,0,10,4,6,24,24,0.165730,ok,
2014e11,1955e5,12.5,adaptive_closest_points,25,2,8,1.0,72,105,0,8,3,5,15,15,0.110768,ok,
2014e11,1955e7,10.0,target_junctions,25,2,8,1.0,8,9,1,2,0,2,0,0,0.005064,ok,
2014e11,1955e7,10.0,original_target_vertices,25,2,8,1.0,1334,1335,1,12,0,12,0,0,0.181579,ok,
2014e11,1955e7,10.0,uniform_target_subdivision,25,2,8,1.0,26,27,1,2,0,2,0,0,0.032630,ok,
2014e11,1955e7,10.0,adaptive_closest_points,25,2,8,1.0,8,9,1,2,0,2,0,0,0.044741,ok,
2014e11,1955e7,12.5,target_junctions,25,2,8,1.0,8,9,1,2,0,2,0,0,0.005772,ok,
2014e11,1955e7,12.5,original_target_vertices,25,2,8,1.0,1334,1335,1,13,0,13,0,0,0.188851,ok,
2014e11,1955e7,12.5,uniform_target_subdivision,25,2,8,1.0,26,27,1,2,0,2,0,0,0.032876,ok,
2014e11,1955e7,12.5,adaptive_closest_points,25,2,8,1.0,8,9,1,2,0,2,0,0,0.037547,ok,
2014e11,1998e3,10.0,target_junctions,25,2,8,1.0,321,509,0,7,3,4,12,12,0.156389,ok,
2014e11,1998e3,10.0,original_target_vertices,25,2,8,1.0,4322,4511,0,23,9,14,126,126,0.479801,ok,
2014e11,1998e3,10.0,uniform_target_subdivision,25,2,8,1.0,1339,1527,0,10,5,5,25,25,0.548632,ok,
2014e11,1998e3,10.0,adaptive_closest_points,25,2,8,1.0,323,511,0,9,4,5,20,20,0.259506,ok,
2014e11,1998e3,12.5,target_junctions,25,2,8,1.0,321,509,0,9,4,5,20,20,0.132381,ok,
2014e11,1998e3,12.5,original_target_vertices,25,2,8,1.0,4322,4511,0,31,14,17,238,238,0.489057,ok,
2014e11,1998e3,12.5,uniform_target_subdivision,25,2,8,1.0,1339,1527,0,15,6,9,54,54,0.498171,ok,
2014e11,1998e3,12.5,adaptive_closest_points,25,2,8,1.0,323,511,0,11,5,6,30,30,0.262114,ok,
2014e11,1998e5,10.0,target_junctions,25,2,8,1.0,54,78,0,6,2,4,8,8,0.028136,ok,
2014e11,1998e5,10.0,original_target_vertices,25,2,8,1.0,2353,2377,0,22,8,14,112,112,0.324642,ok,
2014e11,1998e5,10.0,uniform_target_subdivision,25,2,8,1.0,210,234,0,6,2,4,8,8,0.126464,ok,
2014e11,1998e5,10.0,adaptive_closest_points,25,2,8,1.0,55,79,0,7,2,5,10,10,0.103381,ok,
2014e11,1998e5,12.5,target_junctions,25,2,8,1.0,54,78,0,6,2,4,8,8,0.028735,ok,
2014e11,1998e5,12.5,original_target_vertices,25,2,8,1.0,2353,2377,0,26,9,17,153,153,0.309175,ok,
2014e11,1998e5,12.5,uniform_target_subdivision,25,2,8,1.0,210,234,0,6,2,4,8,8,0.137101,ok,
2014e11,1998e5,12.5,adaptive_closest_points,25,2,8,1.0,55,79,0,7,2,5,10,10,0.100530,ok,
2014e11,1998e7,10.0,target_junctions,25,2,8,1.0,14,18,0,4,2,2,4,4,0.008041,ok,
2014e11,1998e7,10.0,original_target_vertices,25,2,8,1.0,1545,1549,0,17,8,9,72,72,0.204401,ok,
2014e11,1998e7,10.0,uniform_target_subdivision,25,2,8,1.0,50,54,0,4,2,2,4,4,0.046698,ok,
2014e11,1998e7,10.0,adaptive_closest_points,25,2,8,1.0,15,19,0,5,2,3,6,6,0.090927,ok,
2014e11,1998e7,12.5,target_junctions,25,2,8,1.0,14,18,0,4,2,2,4,4,0.008294,ok,
2014e11,1998e7,12.5,original_target_vertices,25,2,8,1.0,1545,1549,0,20,9,11,99,99,0.203096,ok,
2014e11,1998e7,12.5,uniform_target_subdivision,25,2,8,1.0,50,54,0,4,2,2,4,4,0.047093,ok,
2014e11,1998e7,12.5,adaptive_closest_points,25,2,8,1.0,15,19,0,5,2,3,6,6,0.088843,ok,
2014e11,2014e3,10.0,target_junctions,25,2,8,1.0,317,493,0,8,2,6,12,12,0.156737,ok,
2014e11,2014e3,10.0,original_target_vertices,25,2,8,1.0,4059,4236,0,23,8,15,120,120,0.463600,ok,
2014e11,2014e3,10.0,uniform_target_subdivision,25,2,8,1.0,1303,1479,0,14,4,10,40,40,0.482183,ok,
2014e11,2014e3,10.0,adaptive_closest_points,25,2,8,1.0,317,493,0,8,2,6,12,12,0.142703,ok,
2014e11,2014e3,12.5,target_junctions,25,2,8,1.0,317,493,0,12,5,7,35,35,0.127420,ok,
2014e11,2014e3,12.5,original_target_vertices,25,2,8,1.0,4059,4236,0,40,14,26,364,364,0.543414,ok,
2014e11,2014e3,12.5,uniform_target_subdivision,25,2,8,1.0,1303,1479,0,21,7,14,98,98,0.493343,ok,
2014e11,2014e3,12.5,adaptive_closest_points,25,2,8,1.0,320,496,0,15,6,9,54,54,0.259271,ok,
2014e11,2014e5,10.0,target_junctions,25,2,8,1.0,51,74,0,4,2,2,4,4,0.022395,ok,
2014e11,2014e5,10.0,original_target_vertices,25,2,8,1.0,2366,2389,0,15,7,8,56,56,0.288814,ok,
2014e11,2014e5,10.0,uniform_target_subdivision,25,2,8,1.0,199,222,0,6,3,3,9,9,0.122278,ok,
2014e11,2014e5,10.0,adaptive_closest_points,25,2,8,1.0,51,74,0,4,2,2,4,4,0.037172,ok,
2014e11,2014e5,12.5,target_junctions,25,2,8,1.0,51,74,0,5,2,3,6,6,0.028052,ok,
2014e11,2014e5,12.5,original_target_vertices,25,2,8,1.0,2366,2389,0,23,9,14,126,126,0.294988,ok,
2014e11,2014e5,12.5,uniform_target_subdivision,25,2,8,1.0,199,222,0,7,3,4,12,12,0.118598,ok,
2014e11,2014e5,12.5,adaptive_closest_points,25,2,8,1.0,52,75,0,6,2,4,8,8,0.099381,ok,
2014e11,2014e7,10.0,target_junctions,25,2,8,1.0,12,15,0,4,2,2,4,4,0.009545,ok,
2014e11,2014e7,10.0,original_target_vertices,25,2,8,1.0,1618,1621,0,15,7,8,56,56,0.219340,ok,
2014e11,2014e7,10.0,uniform_target_subdivision,25,2,8,1.0,42,45,0,5,2,3,6,6,0.041962,ok,
2014e11,2014e7,10.0,adaptive_closest_points,25,2,8,1.0,12,15,0,4,2,2,4,4,0.022605,ok,
2014e11,2014e7,12.5,target_junctions,25,2,8,1.0,12,15,0,4,2,2,4,4,0.007585,ok,
2014e11,2014e7,12.5,original_target_vertices,25,2,8,1.0,1618,1621,0,17,8,9,72,72,0.212787,ok,
2014e11,2014e7,12.5,uniform_target_subdivision,25,2,8,1.0,42,45,0,5,2,3,6,6,0.045249,ok,
2014e11,2014e7,12.5,adaptive_closest_points,25,2,8,1.0,12,15,0,4,2,2,4,4,0.021761,ok,
2014e3,1955e3,10.0,target_junctions,25,2,8,1.0,371,581,1,1669,0,15,630198,73920,0.234570,ok,
2014e3,1955e3,10.0,original_target_vertices,25,2,8,1.0,4489,4703,1,5870,0,64,567099668,61326720,0.929309,ok,
2014e3,1955e3,10.0,uniform_target_subdivision,25,2,8,1.0,1533,1743,1,3095,0,42,15224960,1728000,0.812034,ok,
2014e3,1955e3,10.0,adaptive_closest_points,25,2,8,1.0,1116,1326,1,3184,0,23,16823243,3379200,3.897802,ok,
2014e3,1955e3,12.5,target_junctions,25,2,8,1.0,371,581,0,2042,2,17,2626969,278784,0.218700,ok,
2014e3,1955e3,12.5,original_target_vertices,25,2,8,1.0,4489,4703,0,8327,3,81,5710460509,850830960,0.859314,ok,
2014e3,1955e3,12.5,uniform_target_subdivision,25,2,8,1.0,1533,1743,0,4127,2,49,86631121,10172448,0.654323,ok,
2014e3,1955e3,12.5,adaptive_closest_points,25,2,8,1.0,1239,1449,0,3971,3,25,93808032,20756736,4.141913,ok,
2014e3,1998e3,10.0,target_junctions,25,2,8,1.0,321,509,2,1713,0,15,1016755,56448,0.202232,ok,
2014e3,1998e3,10.0,original_target_vertices,25,2,8,1.0,4322,4511,2,6826,0,72,3343399268,755647200,0.901661,ok,
2014e3,1998e3,10.0,uniform_target_subdivision,25,2,8,1.0,1339,1527,2,3246,0,40,29687953,3768688,0.753308,ok,
2014e3,1998e3,10.0,adaptive_closest_points,25,2,8,1.0,1046,1234,2,3279,0,22,27626898,3369600,3.193913,ok,
2014e3,1998e3,12.5,target_junctions,25,2,8,1.0,321,509,0,2033,2,16,2941290,162000,0.192726,ok,
2014e3,1998e3,12.5,original_target_vertices,25,2,8,1.0,4322,4511,0,9335,3,89,24778766515,6979682304,0.738751,ok,
2014e3,1998e3,12.5,uniform_target_subdivision,25,2,8,1.0,1339,1527,0,4176,2,48,145512626,15628032,0.605770,ok,
2014e3,1998e3,12.5,adaptive_closest_points,25,2,8,1.0,1139,1327,0,3925,3,24,104133953,15100800,3.216897,ok,
2014e5,1955e3,10.0,target_junctions,25,2,8,1.0,371,581,0,296,2,15,31277,3240,0.172985,ok,
2014e5,1955e3,10.0,original_target_vertices,25,2,8,1.0,4489,4703,0,985,5,63,4362047,1066338,0.657765,ok,
2014e5,1955e3,10.0,uniform_target_subdivision,25,2,8,1.0,1533,1743,0,551,2,42,357647,81396,0.577422,ok,
2014e5,1955e3,10.0,adaptive_closest_points,25,2,8,1.0,506,716,0,464,3,20,198067,21660,0.774731,ok,
2014e5,1955e3,12.5,target_junctions,25,2,8,1.0,371,581,0,366,2,17,97187,14784,0.153589,ok,
2014e5,1955e3,12.5,original_target_vertices,25,2,8,1.0,4489,4703,0,1379,8,81,17917619,3547152,0.620599,ok,
2014e5,1955e3,12.5,uniform_target_subdivision,25,2,8,1.0,1533,1743,0,725,2,49,1149996,197568,0.619299,ok,
2014e5,1955e3,12.5,adaptive_closest_points,25,2,8,1.0,524,734,0,563,3,22,529929,72600,0.794322,ok,
2014e5,1955e5,10.0,target_junctions,25,2,8,1.0,70,103,2,151,0,6,2203,144,0.046461,ok,
2014e5,1955e5,10.0,original_target_vertices,25,2,8,1.0,2828,2861,2,670,0,33,1000513,225720,0.367291,ok,
2014e5,1955e5,10.0,uniform_target_subdivision,25,2,8,1.0,276,309,2,207,0,10,7254,1120,0.178364,ok,
2014e5,1955e5,10.0,adaptive_closest_points,25,2,8,1.0,140,173,2,241,0,12,13102,1080,0.386791,ok,
2014e5,1955e5,12.5,target_junctions,25,2,8,1.0,70,103,0,191,2,6,8466,1080,0.045976,ok,
2014e5,1955e5,12.5,original_target_vertices,25,2,8,1.0,2828,2861,0,936,6,47,4263039,734328,0.365317,ok,
2014e5,1955e5,12.5,uniform_target_subdivision,25,2,8,1.0,276,309,0,273,2,11,33512,4536,0.182213,ok,
2014e5,1955e5,12.5,adaptive_closest_points,25,2,8,1.0,152,185,0,301,3,12,41988,4320,0.400301,ok,
2014e5,1998e3,10.0,target_junctions,25,2,8,1.0,321,509,0,289,2,14,27668,3267,0.168436,ok,
2014e5,1998e3,10.0,original_target_vertices,25,2,8,1.0,4322,4511,0,1010,2,72,2590753,423936,0.532739,ok,
2014e5,1998e3,10.0,uniform_target_subdivision,25,2,8,1.0,1339,1527,0,513,2,38,196957,27360,0.508113,ok,
2014e5,1998e3,10.0,adaptive_closest_points,25,2,8,1.0,440,628,0,436,3,16,127887,12960,0.697185,ok,
2014e5,1998e3,12.5,target_junctions,25,2,8,1.0,321,509,0,342,2,15,59311,7260,0.139108,ok,
2014e5,1998e3,12.5,original_target_vertices,25,2,8,1.0,4322,4511,0,1369,8,89,8339669,1015680,0.615585,ok,
2014e5,1998e3,12.5,uniform_target_subdivision,25,2,8,1.0,1339,1527,0,649,3,43,542859,67716,0.562112,ok,
2014e5,1998e3,12.5,adaptive_closest_points,25,2,8,1.0,462,650,0,523,3,18,278291,21952,0.724092,ok,
2014e5,1998e5,10.0,target_junctions,25,2,8,1.0,54,78,1,170,0,6,5244,720,0.042251,ok,
2014e5,1998e5,10.0,original_target_vertices,25,2,8,1.0,2353,2377,1,733,0,37,944266,100048,0.309348,ok,
2014e5,1998e5,10.0,uniform_target_subdivision,25,2,8,1.0,210,234,1,214,0,9,14891,2240,0.142664,ok,
2014e5,1998e5,10.0,adaptive_closest_points,25,2,8,1.0,131,155,1,265,0,10,30233,5600,0.366235,ok,
2014e5,1998e5,12.5,target_junctions,25,2,8,1.0,54,78,0,191,2,8,7379,720,0.039438,ok,
2014e5,1998e5,12.5,original_target_vertices,25,2,8,1.0,2353,2377,0,997,5,48,3286605,374976,0.321447,ok,
2014e5,1998e5,12.5,uniform_target_subdivision,25,2,8,1.0,210,234,0,247,2,12,21971,2688,0.148270,ok,
2014e5,1998e5,12.5,adaptive_closest_points,25,2,8,1.0,145,169,0,310,2,11,49048,6300,0.378734,ok,
2014e5,2014e3,10.0,target_junctions,25,2,8,1.0,317,493,0,339,2,14,51667,4410,0.167512,ok,
2014e5,2014e3,10.0,original_target_vertices,25,2,8,1.0,4059,4236,0,1132,2,48,6034522,833000,0.519688,ok,
2014e5,2014e3,10.0,uniform_target_subdivision,25,2,8,1.0,1303,1479,0,628,2,27,503441,93555,0.492452,ok,
2014e5,2014e3,10.0,adaptive_closest_points,25,2,8,1.0,390,566,0,439,2,16,137345,19305,0.672993,ok,
2014e5,2014e3,12.5,target_junctions,25,2,8,1.0,317,493,0,384,2,14,72042,6468,0.132234,ok,
2014e5,2014e3,12.5,original_target_vertices,25,2,8,1.0,4059,4236,0,1487,5,63,16686601,3316320,0.509419,ok,
2014e5,2014e3,12.5,uniform_target_subdivision,25,2,8,1.0,1303,1479,0,774,3,31,1064201,183768,0.497959,ok,
2014e5,2014e3,12.5,adaptive_closest_points,25,2,8,1.0,408,584,0,518,2,17,212571,27720,0.687327,ok,
2014e7,1955e3,10.0,target_junctions,25,2,8,1.0,371,581,0,69,2,15,1461,540,0.142909,ok,
2014e7,1955e3,10.0,original_target_vertices,25,2,8,1.0,4489,4703,0,230,6,63,35679,10584,0.580072,ok,
2014e7,1955e3,10.0,uniform_target_subdivision,25,2,8,1.0,1533,1743,0,134,2,42,9934,3990,0.566855,ok,
2014e7,1955e3,10.0,adaptive_closest_points,25,2,8,1.0,402,612,0,100,3,20,5080,2100,0.417439,ok,
2014e7,1955e3,12.5,target_junctions,25,2,8,1.0,371,581,0,86,2,17,4722,1904,0.147685,ok,
2014e7,1955e3,12.5,original_target_vertices,25,2,8,1.0,4489,4703,0,324,8,81,138724,70308,0.526114,ok,
2014e7,1955e3,12.5,uniform_target_subdivision,25,2,8,1.0,1533,1743,0,172,2,49,30060,14112,0.558541,ok,
2014e7,1955e3,12.5,adaptive_closest_points,25,2,8,1.0,407,617,0,122,3,22,13044,4840,0.383630,ok,
2014e7,1955e5,10.0,target_junctions,25,2,8,1.0,70,103,0,34,2,5,158,32,0.033937,ok,
2014e7,1955e5,10.0,original_target_vertices,25,2,8,1.0,2828,2861,0,149,2,33,11702,3960,0.341597,ok,
2014e7,1955e5,10.0,uniform_target_subdivision,25,2,8,1.0,276,309,0,44,2,6,372,96,0.167454,ok,
2014e7,1955e5,10.0,adaptive_closest_points,25,2,8,1.0,85,118,0,49,3,7,508,126,0.160099,ok,
2014e7,1955e5,12.5,target_junctions,25,2,8,1.0,70,103,0,46,2,6,604,180,0.040353,ok,
2014e7,1955e5,12.5,original_target_vertices,25,2,8,1.0,2828,2861,0,213,6,47,49961,29610,0.332225,ok,
2014e7,1955e5,12.5,uniform_target_subdivision,25,2,8,1.0,276,309,0,64,2,9,1660,648,0.174270,ok,
2014e7,1955e5,12.5,adaptive_closest_points,25,2,8,1.0,90,123,0,66,3,9,1750,504,0.163460,ok,
2014e7,1998e3,10.0,target_junctions,25,2,8,1.0,321,509,0,73,2,14,3596,1386,0.160227,ok,
2014e7,1998e3,10.0,original_target_vertices,25,2,8,1.0,4322,4511,0,240,6,72,76508,24480,0.559424,ok,
2014e7,1998e3,10.0,uniform_target_subdivision,25,2,8,1.0,1339,1527,0,143,4,38,28041,10944,0.506597,ok,
2014e7,1998e3,10.0,adaptive_closest_points,25,2,8,1.0,342,530,0,94,3,16,6764,2304,0.346724,ok,
2014e7,1998e3,12.5,target_junctions,25,2,8,1.0,321,509,0,85,3,15,4839,1650,0.133289,ok,
2014e7,1998e3,12.5,original_target_vertices,25,2,8,1.0,4322,4511,0,303,8,89,129783,44856,0.505606,ok,
2014e7,1998e3,12.5,uniform_target_subdivision,25,2,8,1.0,1339,1527,0,174,5,43,43447,14706,0.504674,ok,
2014e7,1998e3,12.5,adaptive_closest_points,25,2,8,1.0,343,531,0,107,5,17,8603,2652,0.352943,ok,
2014e7,1998e5,10.0,target_junctions,25,2,8,1.0,54,78,0,44,2,6,562,180,0.024629,ok,
2014e7,1998e5,10.0,original_target_vertices,25,2,8,1.0,2353,2377,0,180,4,37,29228,8288,0.289499,ok,
2014e7,1998e5,10.0,uniform_target_subdivision,25,2,8,1.0,210,234,0,55,2,9,1303,504,0.129975,ok,
2014e7,1998e5,10.0,adaptive_closest_points,25,2,8,1.0,72,96,0,62,2,10,1554,490,0.184876,ok,
2014e7,1998e5,12.5,target_junctions,25,2,8,1.0,54,78,0,45,2,6,574,180,0.041430,ok,
2014e7,1998e5,12.5,original_target_vertices,25,2,8,1.0,2353,2377,0,218,5,44,48484,15840,0.357903,ok,
2014e7,1998e5,12.5,uniform_target_subdivision,25,2,8,1.0,210,234,0,58,2,9,1439,504,0.128970,ok,
2014e7,1998e5,12.5,adaptive_closest_points,25,2,8,1.0,73,97,0,64,2,10,1600,490,0.161594,ok,
2014e7,1998e7,10.0,target_junctions,25,2,8,1.0,14,18,0,32,2,4,192,64,0.008931,ok,
2014e7,1998e7,10.0,original_target_vertices,25,2,8,1.0,1545,1549,0,162,4,33,23070,7392,0.216369,ok,
2014e7,1998e7,10.0,uniform_target_subdivision,25,2,8,1.0,50,54,0,33,2,4,216,64,0.048007,ok,
2014e7,1998e7,10.0,adaptive_closest_points,25,2,8,1.0,27,31,0,45,2,6,540,180,0.160436,ok,
2014e7,1998e7,12.5,target_junctions,25,2,8,1.0,14,18,0,33,2,4,204,64,0.009580,ok,
2014e7,1998e7,12.5,original_target_vertices,25,2,8,1.0,1545,1549,0,193,5,39,37641,14040,0.206928,ok,
2014e7,1998e7,12.5,uniform_target_subdivision,25,2,8,1.0,50,54,0,36,2,4,262,64,0.048061,ok,
2014e7,1998e7,12.5,adaptive_closest_points,25,2,8,1.0,28,32,0,47,2,6,586,180,0.169799,ok,
2014e7,2014e3,10.0,target_junctions,25,2,8,1.0,317,493,0,79,2,10,2306,540,0.161327,ok,
2014e7,2014e3,10.0,original_target_vertices,25,2,8,1.0,4059,4236,0,204,2,35,42869,13650,0.471702,ok,
2014e7,2014e3,10.0,uniform_target_subdivision,25,2,8,1.0,1303,1479,0,149,2,23,14588,3680,0.547627,ok,
2014e7,2014e3,10.0,adaptive_closest_points,25,2,8,1.0,328,504,0,90,2,13,3434,1001,0.406785,ok,
2014e7,2014e3,12.5,target_junctions,25,2,8,1.0,317,493,0,90,2,11,2838,726,0.174718,ok,
2014e7,2014e3,12.5,original_target_vertices,25,2,8,1.0,4059,4236,0,286,5,43,78792,24510,0.480286,ok,
2014e7,2014e3,12.5,uniform_target_subdivision,25,2,8,1.0,1303,1479,0,182,3,24,20720,4800,0.483589,ok,
2014e7,2014e3,12.5,adaptive_closest_points,25,2,8,1.0,334,510,0,107,2,13,4383,1001,0.342328,ok,
2014e7,2014e5,10.0,target_junctions,25,2,8,1.0,51,74,0,48,2,6,636,144,0.024038,ok,
2014e7,2014e5,10.0,original_target_vertices,25,2,8,1.0,2366,2389,0,152,2,26,20099,6188,0.298047,ok,
2014e7,2014e5,10.0,uniform_target_subdivision,25,2,8,1.0,199,222,0,62,2,9,1199,320,0.127242,ok,
2014e7,2014e5,10.0,adaptive_closest_points,25,2,8,1.0,54,77,0,51,2,8,812,192,0.151593,ok,
2014e7,2014e5,12.5,target_junctions,25,2,8,1.0,51,74,0,50,2,6,650,144,0.029671,ok,
2014e7,2014e5,12.5,original_target_vertices,25,2,8,1.0,2366,2389,0,202,5,30,34283,10080,0.309523,ok,
2014e7,2014e5,12.5,uniform_target_subdivision,25,2,8,1.0,199,222,0,68,2,9,1618,448,0.121639,ok,
2014e7,2014e5,12.5,adaptive_closest_points,25,2,8,1.0,56,79,0,55,2,8,840,192,0.156987,ok,
