run_id,pair_id,source_name,target_name,source_vertices,source_edges,target_vertices,target_edges,candidate_rho,top_k,cost,cost_options,visual_range,visual_range_is_fixed,additive_feasible,bottleneck_feasible,empty_candidate_domains,total_candidates,minimum_candidates,median_candidates,maximum_candidates,treewidth,bags,maximum_bag_size,enumerated_states,feasible_states,message_entries,unique_cost_requests,load_graphs_seconds,prepare_matcher_seconds,solve_both_objectives_seconds,generate_figures_seconds,report,suite_name,summary_path,report_path,pair_category,pair_notes
1955e5_to_1955e3__discrete_frechet_distance__rho_10_0,1955e5_to_1955e3,1955e5,1955e3,70,103,371,581,10.0,25,discrete_frechet_distance,{},"[0.0,30.0]",True,True,True,0,454,2,6.0,14,4,66,5,209687,209687,30645,4508,2.1973748998716474,0.7066346001811326,11.099966699723154,3.8602573997341096,1955e5_to_1955e3\discrete_frechet_distance\report.json,thesis_main_experiments_v2,C:\Users\Kishan\Documents\University\Thesis\River-Matcher\experiment_results\thesis_main_experiments_v2\suite_summary.json,C:\Users\Kishan\Documents\University\Thesis\River-Matcher\experiment_results\thesis_main_experiments_v2\1955e5_to_1955e3\discrete_frechet_distance\report.json,same_year_scale_change,Reference production pair.
1955e5_to_1955e3__dynamic_time_warping_distance__rho_10_0,1955e5_to_1955e3,1955e5,1955e3,70,103,371,581,10.0,25,dynamic_time_warping_distance,{},"[0.0,15.0]",True,True,True,0,454,2,6.0,14,4,66,5,209687,209687,30645,4508,2.1973748998716474,0.7066346001811326,2.3602833999320865,3.9773069000802934,1955e5_to_1955e3\dynamic_time_warping_distance\report.json,thesis_main_experiments_v2,C:\Users\Kishan\Documents\University\Thesis\River-Matcher\experiment_results\thesis_main_experiments_v2\suite_summary.json,C:\Users\Kishan\Documents\University\Thesis\River-Matcher\experiment_results\thesis_main_experiments_v2\1955e5_to_1955e3\dynamic_time_warping_distance\report.json,same_year_scale_change,Reference production pair.
1955e5_to_1955e3__hausdorff_distance__rho_10_0,1955e5_to_1955e3,1955e5,1955e3,70,103,371,581,10.0,25,hausdorff_distance,{},"[0.0,30.0]",True,True,True,0,454,2,6.0,14,4,66,5,209687,209687,30645,4508,2.1973748998716474,0.7066346001811326,2.9947139001451433,2.2691983999684453,1955e5_to_1955e3\hausdorff_distance\report.json,thesis_main_experiments_v2,C:\Users\Kishan\Documents\University\Thesis\River-Matcher\experiment_results\thesis_main_experiments_v2\suite_summary.json,C:\Users\Kishan\Documents\University\Thesis\River-Matcher\experiment_results\thesis_main_experiments_v2\1955e5_to_1955e3\hausdorff_distance\report.json,same_year_scale_change,Reference production pair.
1955e5_to_1955e3__log_length_distortion__rho_10_0,1955e5_to_1955e3,1955e5,1955e3,70,103,371,581,10.0,25,log_length_distortion,{},"[0.0,1.0986122886681098]",True,True,True,0,454,2,6.0,14,4,66,5,209687,209687,30645,4508,2.1973748998716474,0.7066346001811326,1.0959939998574555,2.35686290031299,1955e5_to_1955e3\log_length_distortion\report.json,thesis_main_experiments_v2,C:\Users\Kishan\Documents\University\Thesis\River-Matcher\experiment_results\thesis_main_experiments_v2\suite_summary.json,C:\Users\Kishan\Documents\University\Thesis\River-Matcher\experiment_results\thesis_main_experiments_v2\1955e5_to_1955e3\log_length_distortion\report.json,same_year_scale_change,Reference production pair.
1955e5_to_1955e3__mean_distance_tangent__rho_10_0,1955e5_to_1955e3,1955e5,1955e3,70,103,371,581,10.0,25,mean_distance_tangent,{},"[0.0,6.0]",True,True,True,0,454,2,6.0,14,4,66,5,209687,209687,30645,4508,2.1973748998716474,0.7066346001811326,6.284443899989128,2.3498156000860035,1955e5_to_1955e3\mean_distance_tangent\report.json,thesis_main_experiments_v2,C:\Users\Kishan\Documents\University\Thesis\River-Matcher\experiment_results\thesis_main_experiments_v2\suite_summary.json,C:\Users\Kishan\Documents\University\Thesis\River-Matcher\experiment_results\thesis_main_experiments_v2\1955e5_to_1955e3\mean_distance_tangent\report.json,same_year_scale_change,Reference production pair.
1955e5_to_1955e3__relative_length_error__rho_10_0,1955e5_to_1955e3,1955e5,1955e3,70,103,371,581,10.0,25,relative_length_error,{},"[0.0,1.0]",True,True,True,0,454,2,6.0,14,4,66,5,209687,209687,30645,4508,2.1973748998716474,0.7066346001811326,2.436798700131476,2.9035403998568654,1955e5_to_1955e3\relative_length_error\report.json,thesis_main_experiments_v2,C:\Users\Kishan\Documents\University\Thesis\River-Matcher\experiment_results\thesis_main_experiments_v2\suite_summary.json,C:\Users\Kishan\Documents\University\Thesis\River-Matcher\experiment_results\thesis_main_experiments_v2\1955e5_to_1955e3\relative_length_error\report.json,same_year_scale_change,Reference production pair.
1955e5_to_1955e3__symmetric_corridor_exceedance__rho_10_0,1955e5_to_1955e3,1955e5,1955e3,70,103,371,581,10.0,25,symmetric_corridor_exceedance,{},"[0.0,1.0]",True,True,True,0,454,2,6.0,14,4,66,5,209687,209687,30645,4508,2.1973748998716474,0.7066346001811326,2.253178399987519,2.2290046997368336,1955e5_to_1955e3\symmetric_corridor_exceedance\report.json,thesis_main_experiments_v2,C:\Users\Kishan\Documents\University\Thesis\River-Matcher\experiment_results\thesis_main_experiments_v2\suite_summary.json,C:\Users\Kishan\Documents\University\Thesis\River-Matcher\experiment_results\thesis_main_experiments_v2\1955e5_to_1955e3\symmetric_corridor_exceedance\report.json,same_year_scale_change,Reference production pair.
1998e3_to_1955e3__relative_length_error__rho_12_5,1998e3_to_1955e3,1998e3,1955e3,321,509,371,581,12.5,25,relative_length_error,{},"[0.0,1.0]",True,True,True,0,2210,2,6.0,17,5,316,6,5927186,5927186,547849,25227,2.48550509987399,0.22642630012705922,51.96719769993797,2.5915382001549006,1998e3_to_1955e3_rho12_5\relative_length_error\report.json,rho_screen_12_5,C:\Users\Kishan\Documents\University\Thesis\River-Matcher\experiment_results\rho_screen_12_5\suite_summary.json,C:\Users\Kishan\Documents\University\Thesis\River-Matcher\experiment_results\rho_screen_12_5\1998e3_to_1955e3_rho12_5\relative_length_error\report.json,cross_year_dense_stress,Cautious retry after two empty domains at rho=10.
1998e5_to_1998e3__discrete_frechet_distance__rho_10_0,1998e5_to_1998e3,1998e5,1998e3,54,78,321,509,10.0,25,discrete_frechet_distance,{},"[0.0,30.0]",True,True,True,0,339,2,6.0,13,4,51,5,71354,71354,10265,3233,1.8347225999459624,0.5439014998264611,7.968429800122976,2.3494357001036406,1998e5_to_1998e3\discrete_frechet_distance\report.json,confirmed_pairs,C:\Users\Kishan\Documents\University\Thesis\River-Matcher\experiment_results\confirmed_pairs\suite_summary.json,C:\Users\Kishan\Documents\University\Thesis\River-Matcher\experiment_results\confirmed_pairs\1998e5_to_1998e3\discrete_frechet_distance\report.json,same_year_scale_change,Same-year scale comparison for 1998.
1998e5_to_1998e3__dynamic_time_warping_distance__rho_10_0,1998e5_to_1998e3,1998e5,1998e3,54,78,321,509,10.0,25,dynamic_time_warping_distance,{},"[0.0,15.0]",True,True,True,0,339,2,6.0,13,4,51,5,71354,71354,10265,3233,1.8347225999459624,0.5439014998264611,0.994197899941355,2.3365503000095487,1998e5_to_1998e3\dynamic_time_warping_distance\report.json,confirmed_pairs,C:\Users\Kishan\Documents\University\Thesis\River-Matcher\experiment_results\confirmed_pairs\suite_summary.json,C:\Users\Kishan\Documents\University\Thesis\River-Matcher\experiment_results\confirmed_pairs\1998e5_to_1998e3\dynamic_time_warping_distance\report.json,same_year_scale_change,Same-year scale comparison for 1998.
1998e5_to_1998e3__hausdorff_distance__rho_10_0,1998e5_to_1998e3,1998e5,1998e3,54,78,321,509,10.0,25,hausdorff_distance,{},"[0.0,30.0]",True,True,True,0,339,2,6.0,13,4,51,5,71354,71354,10265,3233,1.8347225999459624,0.5439014998264611,2.0882981000468135,2.236132699996233,1998e5_to_1998e3\hausdorff_distance\report.json,confirmed_pairs,C:\Users\Kishan\Documents\University\Thesis\River-Matcher\experiment_results\confirmed_pairs\suite_summary.json,C:\Users\Kishan\Documents\University\Thesis\River-Matcher\experiment_results\confirmed_pairs\1998e5_to_1998e3\hausdorff_distance\report.json,same_year_scale_change,Same-year scale comparison for 1998.
1998e5_to_1998e3__log_length_distortion__rho_10_0,1998e5_to_1998e3,1998e5,1998e3,54,78,321,509,10.0,25,log_length_distortion,{},"[0.0,1.0986122886681098]",True,True,True,0,339,2,6.0,13,4,51,5,71354,71354,10265,3233,1.8347225999459624,0.5439014998264611,0.5104433000087738,2.4732147003524005,1998e5_to_1998e3\log_length_distortion\report.json,confirmed_pairs,C:\Users\Kishan\Documents\University\Thesis\River-Matcher\experiment_results\confirmed_pairs\suite_summary.json,C:\Users\Kishan\Documents\University\Thesis\River-Matcher\experiment_results\confirmed_pairs\1998e5_to_1998e3\log_length_distortion\report.json,same_year_scale_change,Same-year scale comparison for 1998.
1998e5_to_1998e3__mean_distance_tangent__rho_10_0,1998e5_to_1998e3,1998e5,1998e3,54,78,321,509,10.0,25,mean_distance_tangent,{},"[0.0,6.0]",True,True,True,0,339,2,6.0,13,4,51,5,71354,71354,10265,3233,1.8347225999459624,0.5439014998264611,4.589062100276351,5.914915000088513,1998e5_to_1998e3\mean_distance_tangent\report.json,confirmed_pairs,C:\Users\Kishan\Documents\University\Thesis\River-Matcher\experiment_results\confirmed_pairs\suite_summary.json,C:\Users\Kishan\Documents\University\Thesis\River-Matcher\experiment_results\confirmed_pairs\1998e5_to_1998e3\mean_distance_tangent\report.json,same_year_scale_change,Same-year scale comparison for 1998.
1998e5_to_1998e3__relative_length_error__rho_10_0,1998e5_to_1998e3,1998e5,1998e3,54,78,321,509,10.0,25,relative_length_error,{},"[0.0,1.0]",True,True,True,0,339,2,6.0,13,4,51,5,71354,71354,10265,3233,1.8347225999459624,0.5439014998264611,0.7511541000567377,2.5657697999849916,1998e5_to_1998e3\relative_length_error\report.json,confirmed_pairs,C:\Users\Kishan\Documents\University\Thesis\River-Matcher\experiment_results\confirmed_pairs\suite_summary.json,C:\Users\Kishan\Documents\University\Thesis\River-Matcher\experiment_results\confirmed_pairs\1998e5_to_1998e3\relative_length_error\report.json,same_year_scale_change,Same-year scale comparison for 1998.
1998e5_to_1998e3__symmetric_corridor_exceedance__rho_10_0,1998e5_to_1998e3,1998e5,1998e3,54,78,321,509,10.0,25,symmetric_corridor_exceedance,{},"[0.0,1.0]",True,True,True,0,339,2,6.0,13,4,51,5,71354,71354,10265,3233,1.8347225999459624,0.5439014998264611,1.29392520012334,2.414194299839437,1998e5_to_1998e3\symmetric_corridor_exceedance\report.json,confirmed_pairs,C:\Users\Kishan\Documents\University\Thesis\River-Matcher\experiment_results\confirmed_pairs\suite_summary.json,C:\Users\Kishan\Documents\University\Thesis\River-Matcher\experiment_results\confirmed_pairs\1998e5_to_1998e3\symmetric_corridor_exceedance\report.json,same_year_scale_change,Same-year scale comparison for 1998.
2014e5_to_1955e3__discrete_frechet_distance__rho_10_0,2014e5_to_1955e3,2014e5,1955e3,51,74,371,581,10.0,25,discrete_frechet_distance,{},"[0.0,30.0]",True,True,True,0,296,2,6.0,15,3,48,4,29639,29639,5710,2584,1.5452511003240943,0.16032199980691075,6.860066100023687,2.6669041998684406,2014e5_to_1955e3\discrete_frechet_distance\report.json,confirmed_pairs,C:\Users\Kishan\Documents\University\Thesis\River-Matcher\experiment_results\confirmed_pairs\suite_summary.json,C:\Users\Kishan\Documents\University\Thesis\River-Matcher\experiment_results\confirmed_pairs\2014e5_to_1955e3\discrete_frechet_distance\report.json,cross_year_and_scale_change,Cross-year comparison with a denser target.
2014e5_to_1955e3__dynamic_time_warping_distance__rho_10_0,2014e5_to_1955e3,2014e5,1955e3,51,74,371,581,10.0,25,dynamic_time_warping_distance,{},"[0.0,15.0]",True,True,True,0,296,2,6.0,15,3,48,4,29639,29639,5710,2584,1.5452511003240943,0.16032199980691075,0.7708359002135694,2.607402400113642,2014e5_to_1955e3\dynamic_time_warping_distance\report.json,confirmed_pairs,C:\Users\Kishan\Documents\University\Thesis\River-Matcher\experiment_results\confirmed_pairs\suite_summary.json,C:\Users\Kishan\Documents\University\Thesis\River-Matcher\experiment_results\confirmed_pairs\2014e5_to_1955e3\dynamic_time_warping_distance\report.json,cross_year_and_scale_change,Cross-year comparison with a denser target.
2014e5_to_1955e3__hausdorff_distance__rho_10_0,2014e5_to_1955e3,2014e5,1955e3,51,74,371,581,10.0,25,hausdorff_distance,{},"[0.0,30.0]",True,True,True,0,296,2,6.0,15,3,48,4,29639,29639,5710,2584,1.5452511003240943,0.16032199980691075,1.8784486004151404,9.26735240034759,2014e5_to_1955e3\hausdorff_distance\report.json,confirmed_pairs,C:\Users\Kishan\Documents\University\Thesis\River-Matcher\experiment_results\confirmed_pairs\suite_summary.json,C:\Users\Kishan\Documents\University\Thesis\River-Matcher\experiment_results\confirmed_pairs\2014e5_to_1955e3\hausdorff_distance\report.json,cross_year_and_scale_change,Cross-year comparison with a denser target.
2014e5_to_1955e3__log_length_distortion__rho_10_0,2014e5_to_1955e3,2014e5,1955e3,51,74,371,581,10.0,25,log_length_distortion,{},"[0.0,1.0986122886681098]",True,True,True,0,296,2,6.0,15,3,48,4,29639,29639,5710,2584,1.5452511003240943,0.16032199980691075,0.1516927001066506,2.772831200156361,2014e5_to_1955e3\log_length_distortion\report.json,confirmed_pairs,C:\Users\Kishan\Documents\University\Thesis\River-Matcher\experiment_results\confirmed_pairs\suite_summary.json,C:\Users\Kishan\Documents\University\Thesis\River-Matcher\experiment_results\confirmed_pairs\2014e5_to_1955e3\log_length_distortion\report.json,cross_year_and_scale_change,Cross-year comparison with a denser target.
2014e5_to_1955e3__mean_distance_tangent__rho_10_0,2014e5_to_1955e3,2014e5,1955e3,51,74,371,581,10.0,25,mean_distance_tangent,{},"[0.0,6.0]",True,True,True,0,296,2,6.0,15,3,48,4,29639,29639,5710,2584,1.5452511003240943,0.16032199980691075,8.046894900035113,2.9511621999554336,2014e5_to_1955e3\mean_distance_tangent\report.json,confirmed_pairs,C:\Users\Kishan\Documents\University\Thesis\River-Matcher\experiment_results\confirmed_pairs\suite_summary.json,C:\Users\Kishan\Documents\University\Thesis\River-Matcher\experiment_results\confirmed_pairs\2014e5_to_1955e3\mean_distance_tangent\report.json,cross_year_and_scale_change,Cross-year comparison with a denser target.
2014e5_to_1955e3__relative_length_error__rho_10_0,2014e5_to_1955e3,2014e5,1955e3,51,74,371,581,10.0,25,relative_length_error,{},"[0.0,1.0]",True,True,True,0,296,2,6.0,15,3,48,4,29639,29639,5710,2584,1.5452511003240943,0.16032199980691075,4.525848699733615,3.763610700145364,2014e5_to_1955e3\relative_length_error\report.json,confirmed_pairs,C:\Users\Kishan\Documents\University\Thesis\River-Matcher\experiment_results\confirmed_pairs\suite_summary.json,C:\Users\Kishan\Documents\University\Thesis\River-Matcher\experiment_results\confirmed_pairs\2014e5_to_1955e3\relative_length_error\report.json,cross_year_and_scale_change,Cross-year comparison with a denser target.
2014e5_to_1955e3__symmetric_corridor_exceedance__rho_10_0,2014e5_to_1955e3,2014e5,1955e3,51,74,371,581,10.0,25,symmetric_corridor_exceedance,{},"[0.0,1.0]",True,True,True,0,296,2,6.0,15,3,48,4,29639,29639,5710,2584,1.5452511003240943,0.16032199980691075,1.266348599921912,5.844220399856567,2014e5_to_1955e3\symmetric_corridor_exceedance\report.json,confirmed_pairs,C:\Users\Kishan\Documents\University\Thesis\River-Matcher\experiment_results\confirmed_pairs\suite_summary.json,C:\Users\Kishan\Documents\University\Thesis\River-Matcher\experiment_results\confirmed_pairs\2014e5_to_1955e3\symmetric_corridor_exceedance\report.json,cross_year_and_scale_change,Cross-year comparison with a denser target.
2014e5_to_1955e5__discrete_frechet_distance__rho_12_5,2014e5_to_1955e5,2014e5,1955e5,51,74,70,103,12.5,25,discrete_frechet_distance,{},"[0.0,30.0]",True,True,True,0,191,2,4.0,6,3,48,4,6561,6561,1800,967,0.7329848003573716,0.339302399661392,0.7985249003395438,1.6127082998864353,2014e5_to_1955e5\discrete_frechet_distance\report.json,cross_year_same_scale,C:\Users\Kishan\Documents\University\Thesis\River-Matcher\experiment_results\cross_year_same_scale\suite_summary.json,C:\Users\Kishan\Documents\University\Thesis\River-Matcher\experiment_results\cross_year_same_scale\2014e5_to_1955e5\discrete_frechet_distance\report.json,cross_year_same_scale,Cross-year comparison at the same simplification level. rho=12.5 is the smallest screened value that removed the two empty candidate domains observed at rho=10.
2014e5_to_1955e5__dynamic_time_warping_distance__rho_12_5,2014e5_to_1955e5,2014e5,1955e5,51,74,70,103,12.5,25,dynamic_time_warping_distance,{},"[0.0,15.0]",True,True,True,0,191,2,4.0,6,3,48,4,6561,6561,1800,967,0.7329848003573716,0.339302399661392,0.18407970014959574,1.700791500043124,2014e5_to_1955e5\dynamic_time_warping_distance\report.json,cross_year_same_scale,C:\Users\Kishan\Documents\University\Thesis\River-Matcher\experiment_results\cross_year_same_scale\suite_summary.json,C:\Users\Kishan\Documents\University\Thesis\River-Matcher\experiment_results\cross_year_same_scale\2014e5_to_1955e5\dynamic_time_warping_distance\report.json,cross_year_same_scale,Cross-year comparison at the same simplification level. rho=12.5 is the smallest screened value that removed the two empty candidate domains observed at rho=10.
2014e5_to_1955e5__hausdorff_distance__rho_12_5,2014e5_to_1955e5,2014e5,1955e5,51,74,70,103,12.5,25,hausdorff_distance,{},"[0.0,30.0]",True,True,True,0,191,2,4.0,6,3,48,4,6561,6561,1800,967,0.7329848003573716,0.339302399661392,0.4588862000964582,1.6974313003011048,2014e5_to_1955e5\hausdorff_distance\report.json,cross_year_same_scale,C:\Users\Kishan\Documents\University\Thesis\River-Matcher\experiment_results\cross_year_same_scale\suite_summary.json,C:\Users\Kishan\Documents\University\Thesis\River-Matcher\experiment_results\cross_year_same_scale\2014e5_to_1955e5\hausdorff_distance\report.json,cross_year_same_scale,Cross-year comparison at the same simplification level. rho=12.5 is the smallest screened value that removed the two empty candidate domains observed at rho=10.
2014e5_to_1955e5__log_length_distortion__rho_12_5,2014e5_to_1955e5,2014e5,1955e5,51,74,70,103,12.5,25,log_length_distortion,{},"[0.0,1.0986122886681098]",True,True,True,0,191,2,4.0,6,3,48,4,6561,6561,1800,967,0.7329848003573716,0.339302399661392,0.029106399975717068,1.6203714003786445,2014e5_to_1955e5\log_length_distortion\report.json,cross_year_same_scale,C:\Users\Kishan\Documents\University\Thesis\River-Matcher\experiment_results\cross_year_same_scale\suite_summary.json,C:\Users\Kishan\Documents\University\Thesis\River-Matcher\experiment_results\cross_year_same_scale\2014e5_to_1955e5\log_length_distortion\report.json,cross_year_same_scale,Cross-year comparison at the same simplification level. rho=12.5 is the smallest screened value that removed the two empty candidate domains observed at rho=10.
2014e5_to_1955e5__mean_distance_tangent__rho_12_5,2014e5_to_1955e5,2014e5,1955e5,51,74,70,103,12.5,25,mean_distance_tangent,{},"[0.0,6.0]",True,True,True,0,191,2,4.0,6,3,48,4,6561,6561,1800,967,0.7329848003573716,0.339302399661392,0.7509034997783601,1.7474222001619637,2014e5_to_1955e5\mean_distance_tangent\report.json,cross_year_same_scale,C:\Users\Kishan\Documents\University\Thesis\River-Matcher\experiment_results\cross_year_same_scale\suite_summary.json,C:\Users\Kishan\Documents\University\Thesis\River-Matcher\experiment_results\cross_year_same_scale\2014e5_to_1955e5\mean_distance_tangent\report.json,cross_year_same_scale,Cross-year comparison at the same simplification level. rho=12.5 is the smallest screened value that removed the two empty candidate domains observed at rho=10.
2014e5_to_1955e5__relative_length_error__rho_12_5,2014e5_to_1955e5,2014e5,1955e5,51,74,70,103,12.5,25,relative_length_error,{},"[0.0,1.0]",True,True,True,0,191,2,4.0,6,3,48,4,6561,6561,1800,967,0.7329848003573716,0.339302399661392,0.1306769996881485,1.676885399967432,2014e5_to_1955e5\relative_length_error\report.json,cross_year_same_scale,C:\Users\Kishan\Documents\University\Thesis\River-Matcher\experiment_results\cross_year_same_scale\suite_summary.json,C:\Users\Kishan\Documents\University\Thesis\River-Matcher\experiment_results\cross_year_same_scale\2014e5_to_1955e5\relative_length_error\report.json,cross_year_same_scale,Cross-year comparison at the same simplification level. rho=12.5 is the smallest screened value that removed the two empty candidate domains observed at rho=10.
2014e5_to_1955e5__symmetric_corridor_exceedance__rho_12_5,2014e5_to_1955e5,2014e5,1955e5,51,74,70,103,12.5,25,symmetric_corridor_exceedance,{},"[0.0,1.0]",True,True,True,0,191,2,4.0,6,3,48,4,6561,6561,1800,967,0.7329848003573716,0.339302399661392,0.33385320007801056,1.6693665999919176,2014e5_to_1955e5\symmetric_corridor_exceedance\report.json,cross_year_same_scale,C:\Users\Kishan\Documents\University\Thesis\River-Matcher\experiment_results\cross_year_same_scale\suite_summary.json,C:\Users\Kishan\Documents\University\Thesis\River-Matcher\experiment_results\cross_year_same_scale\2014e5_to_1955e5\symmetric_corridor_exceedance\report.json,cross_year_same_scale,Cross-year comparison at the same simplification level. rho=12.5 is the smallest screened value that removed the two empty candidate domains observed at rho=10.
2014e5_to_2014e3__discrete_frechet_distance__rho_10_0,2014e5_to_2014e3,2014e5,2014e3,51,74,317,493,10.0,25,discrete_frechet_distance,{},"[0.0,30.0]",True,True,True,0,339,2,6.0,14,3,48,4,47150,47150,7178,3298,1.5300720003433526,0.11235370021313429,7.056373799685389,2.29513379978016,2014e5_to_2014e3\discrete_frechet_distance\report.json,confirmed_pairs,C:\Users\Kishan\Documents\University\Thesis\River-Matcher\experiment_results\confirmed_pairs\suite_summary.json,C:\Users\Kishan\Documents\University\Thesis\River-Matcher\experiment_results\confirmed_pairs\2014e5_to_2014e3\discrete_frechet_distance\report.json,same_year_scale_change,Same-year scale comparison for 2014.
2014e5_to_2014e3__dynamic_time_warping_distance__rho_10_0,2014e5_to_2014e3,2014e5,2014e3,51,74,317,493,10.0,25,dynamic_time_warping_distance,{},"[0.0,15.0]",True,True,True,0,339,2,6.0,14,3,48,4,47150,47150,7178,3298,1.5300720003433526,0.11235370021313429,0.9674606001935899,2.237841899972409,2014e5_to_2014e3\dynamic_time_warping_distance\report.json,confirmed_pairs,C:\Users\Kishan\Documents\University\Thesis\River-Matcher\experiment_results\confirmed_pairs\suite_summary.json,C:\Users\Kishan\Documents\University\Thesis\River-Matcher\experiment_results\confirmed_pairs\2014e5_to_2014e3\dynamic_time_warping_distance\report.json,same_year_scale_change,Same-year scale comparison for 2014.
2014e5_to_2014e3__hausdorff_distance__rho_10_0,2014e5_to_2014e3,2014e5,2014e3,51,74,317,493,10.0,25,hausdorff_distance,{},"[0.0,30.0]",True,True,True,0,339,2,6.0,14,3,48,4,47150,47150,7178,3298,1.5300720003433526,0.11235370021313429,2.5082219997420907,2.2143272003158927,2014e5_to_2014e3\hausdorff_distance\report.json,confirmed_pairs,C:\Users\Kishan\Documents\University\Thesis\River-Matcher\experiment_results\confirmed_pairs\suite_summary.json,C:\Users\Kishan\Documents\University\Thesis\River-Matcher\experiment_results\confirmed_pairs\2014e5_to_2014e3\hausdorff_distance\report.json,same_year_scale_change,Same-year scale comparison for 2014.
2014e5_to_2014e3__log_length_distortion__rho_10_0,2014e5_to_2014e3,2014e5,2014e3,51,74,317,493,10.0,25,log_length_distortion,{},"[0.0,1.0986122886681098]",True,True,True,0,339,2,6.0,14,3,48,4,47150,47150,7178,3298,1.5300720003433526,0.11235370021313429,0.31655369978398085,2.420853199902922,2014e5_to_2014e3\log_length_distortion\report.json,confirmed_pairs,C:\Users\Kishan\Documents\University\Thesis\River-Matcher\experiment_results\confirmed_pairs\suite_summary.json,C:\Users\Kishan\Documents\University\Thesis\River-Matcher\experiment_results\confirmed_pairs\2014e5_to_2014e3\log_length_distortion\report.json,same_year_scale_change,Same-year scale comparison for 2014.
2014e5_to_2014e3__mean_distance_tangent__rho_10_0,2014e5_to_2014e3,2014e5,2014e3,51,74,317,493,10.0,25,mean_distance_tangent,{},"[0.0,6.0]",True,True,True,0,339,2,6.0,14,3,48,4,47150,47150,7178,3298,1.5300720003433526,0.11235370021313429,4.166027500294149,5.931444199755788,2014e5_to_2014e3\mean_distance_tangent\report.json,confirmed_pairs,C:\Users\Kishan\Documents\University\Thesis\River-Matcher\experiment_results\confirmed_pairs\suite_summary.json,C:\Users\Kishan\Documents\University\Thesis\River-Matcher\experiment_results\confirmed_pairs\2014e5_to_2014e3\mean_distance_tangent\report.json,same_year_scale_change,Same-year scale comparison for 2014.
2014e5_to_2014e3__relative_length_error__rho_10_0,2014e5_to_2014e3,2014e5,2014e3,51,74,317,493,10.0,25,relative_length_error,{},"[0.0,1.0]",True,True,True,0,339,2,6.0,14,3,48,4,47150,47150,7178,3298,1.5300720003433526,0.11235370021313429,0.6153803002089262,6.274160899687558,2014e5_to_2014e3\relative_length_error\report.json,confirmed_pairs,C:\Users\Kishan\Documents\University\Thesis\River-Matcher\experiment_results\confirmed_pairs\suite_summary.json,C:\Users\Kishan\Documents\University\Thesis\River-Matcher\experiment_results\confirmed_pairs\2014e5_to_2014e3\relative_length_error\report.json,same_year_scale_change,Same-year scale comparison for 2014.
2014e5_to_2014e3__symmetric_corridor_exceedance__rho_10_0,2014e5_to_2014e3,2014e5,2014e3,51,74,317,493,10.0,25,symmetric_corridor_exceedance,{},"[0.0,1.0]",True,True,True,0,339,2,6.0,14,3,48,4,47150,47150,7178,3298,1.5300720003433526,0.11235370021313429,1.1019268999807537,2.2475483999587595,2014e5_to_2014e3\symmetric_corridor_exceedance\report.json,confirmed_pairs,C:\Users\Kishan\Documents\University\Thesis\River-Matcher\experiment_results\confirmed_pairs\suite_summary.json,C:\Users\Kishan\Documents\University\Thesis\River-Matcher\experiment_results\confirmed_pairs\2014e5_to_2014e3\symmetric_corridor_exceedance\report.json,same_year_scale_change,Same-year scale comparison for 2014.
