run_id,pair_id,cost,objective,feasible,objective_value,mapped_vertices,materialized_witnesses,local_cost_minimum,local_cost_q25,local_cost_median,local_cost_positive_median,local_cost_mean,local_cost_q75,local_cost_maximum,local_cost_standard_deviation,zero_cost_edges,zero_cost_fraction,positive_cost_edges,figures,report,suite_name,summary_path,report_path,mapping_hash,local_cost_sum
1955e5_to_1955e3__discrete_frechet_distance__rho_10_0,1955e5_to_1955e3,discrete_frechet_distance,additive,True,119.21633134936793,70,103,0.0,0.0,0.0,5.341829966621013,1.1574401101880383,0.0,26.392744675939873,3.4777450972097523,86,0.8349514563106796,17,"{""cost_distribution"":""1955e5_to_1955e3\\discrete_frechet_distance\\additive_cost_distribution.png"",""edge_details"":""1955e5_to_1955e3\\discrete_frechet_distance\\additive_best_median_positive_worst.png"",""overview"":""1955e5_to_1955e3\\discrete_frechet_distance\\additive_overview.png""}",1955e5_to_1955e3\discrete_frechet_distance\report.json,thesis_main_experiments_v2,C:\Users\Kishan\Documents\University\Thesis\River-Matcher\experiment_results\thesis_main_experiments_v2\suite_summary.json,C:\Users\Kishan\Documents\University\Thesis\River-Matcher\experiment_results\thesis_main_experiments_v2\1955e5_to_1955e3\discrete_frechet_distance\report.json,427480aa4e2c6d03011088439d810a5c4ee37ee099b1dad512aa42aaf8581f8e,119.21633134936793
1955e5_to_1955e3__discrete_frechet_distance__rho_10_0,1955e5_to_1955e3,discrete_frechet_distance,bottleneck,True,25.52327646920268,70,103,0.0,0.0,9.433981132056603,11.40175425099138,7.891456623805317,13.601470508735444,25.52327646920268,6.85636483063315,34,0.3300970873786408,69,"{""cost_distribution"":""1955e5_to_1955e3\\discrete_frechet_distance\\bottleneck_cost_distribution.png"",""edge_details"":""1955e5_to_1955e3\\discrete_frechet_distance\\bottleneck_best_median_positive_worst.png"",""overview"":""1955e5_to_1955e3\\discrete_frechet_distance\\bottleneck_overview.png""}",1955e5_to_1955e3\discrete_frechet_distance\report.json,thesis_main_experiments_v2,C:\Users\Kishan\Documents\University\Thesis\River-Matcher\experiment_results\thesis_main_experiments_v2\suite_summary.json,C:\Users\Kishan\Documents\University\Thesis\River-Matcher\experiment_results\thesis_main_experiments_v2\1955e5_to_1955e3\discrete_frechet_distance\report.json,ecea89c0f7bdac0c958dce85e51696a1542d93dde4db78463fd3b1b3bb0647b1,812.8200322519477
1955e5_to_1955e3__dynamic_time_warping_distance__rho_10_0,1955e5_to_1955e3,dynamic_time_warping_distance,additive,True,58.26183243049417,70,103,0.0,0.0,0.0,2.8456768865768365,0.565648858548487,0.0,12.432066402495272,1.7088004009981266,86,0.8349514563106796,17,"{""cost_distribution"":""1955e5_to_1955e3\\dynamic_time_warping_distance\\additive_cost_distribution.png"",""edge_details"":""1955e5_to_1955e3\\dynamic_time_warping_distance\\additive_best_median_positive_worst.png"",""overview"":""1955e5_to_1955e3\\dynamic_time_warping_distance\\additive_overview.png""}",1955e5_to_1955e3\dynamic_time_warping_distance\report.json,thesis_main_experiments_v2,C:\Users\Kishan\Documents\University\Thesis\River-Matcher\experiment_results\thesis_main_experiments_v2\suite_summary.json,C:\Users\Kishan\Documents\University\Thesis\River-Matcher\experiment_results\thesis_main_experiments_v2\1955e5_to_1955e3\dynamic_time_warping_distance\report.json,427480aa4e2c6d03011088439d810a5c4ee37ee099b1dad512aa42aaf8581f8e,58.26183243049417
1955e5_to_1955e3__dynamic_time_warping_distance__rho_10_0,1955e5_to_1955e3,dynamic_time_warping_distance,bottleneck,True,12.00382072780888,70,103,0.0,0.0,0.0,3.699503251384177,1.8655728882208473,3.4988369948828497,12.00382072780888,2.494148254357836,52,0.5048543689320388,51,"{""cost_distribution"":""1955e5_to_1955e3\\dynamic_time_warping_distance\\bottleneck_cost_distribution.png"",""edge_details"":""1955e5_to_1955e3\\dynamic_time_warping_distance\\bottleneck_best_median_positive_worst.png"",""overview"":""1955e5_to_1955e3\\dynamic_time_warping_distance\\bottleneck_overview.png""}",1955e5_to_1955e3\dynamic_time_warping_distance\report.json,thesis_main_experiments_v2,C:\Users\Kishan\Documents\University\Thesis\River-Matcher\experiment_results\thesis_main_experiments_v2\suite_summary.json,C:\Users\Kishan\Documents\University\Thesis\River-Matcher\experiment_results\thesis_main_experiments_v2\1955e5_to_1955e3\dynamic_time_warping_distance\report.json,8d95010eb4facc0fa84ea3b3d7bc8131df532f7f6afecb9ca4c10f5c2a26a4a8,192.15400748674728
1955e5_to_1955e3__hausdorff_distance__rho_10_0,1955e5_to_1955e3,hausdorff_distance,additive,True,117.32333249791212,70,103,0.0,0.0,0.0,5.385164807134504,1.1390614805622536,0.0,26.92582403567252,3.4744022482053336,86,0.8349514563106796,17,"{""cost_distribution"":""1955e5_to_1955e3\\hausdorff_distance\\additive_cost_distribution.png"",""edge_details"":""1955e5_to_1955e3\\hausdorff_distance\\additive_best_median_positive_worst.png"",""overview"":""1955e5_to_1955e3\\hausdorff_distance\\additive_overview.png""}",1955e5_to_1955e3\hausdorff_distance\report.json,thesis_main_experiments_v2,C:\Users\Kishan\Documents\University\Thesis\River-Matcher\experiment_results\thesis_main_experiments_v2\suite_summary.json,C:\Users\Kishan\Documents\University\Thesis\River-Matcher\experiment_results\thesis_main_experiments_v2\1955e5_to_1955e3\hausdorff_distance\report.json,427480aa4e2c6d03011088439d810a5c4ee37ee099b1dad512aa42aaf8581f8e,117.32333249791212
1955e5_to_1955e3__hausdorff_distance__rho_10_0,1955e5_to_1955e3,hausdorff_distance,bottleneck,True,23.345235059857504,70,103,0.0,0.0,7.0710678118654755,10.295630140987,7.12459080721098,11.852349955359813,23.345235059857504,6.185436387639349,32,0.3106796116504854,71,"{""cost_distribution"":""1955e5_to_1955e3\\hausdorff_distance\\bottleneck_cost_distribution.png"",""edge_details"":""1955e5_to_1955e3\\hausdorff_distance\\bottleneck_best_median_positive_worst.png"",""overview"":""1955e5_to_1955e3\\hausdorff_distance\\bottleneck_overview.png""}",1955e5_to_1955e3\hausdorff_distance\report.json,thesis_main_experiments_v2,C:\Users\Kishan\Documents\University\Thesis\River-Matcher\experiment_results\thesis_main_experiments_v2\suite_summary.json,C:\Users\Kishan\Documents\University\Thesis\River-Matcher\experiment_results\thesis_main_experiments_v2\1955e5_to_1955e3\hausdorff_distance\report.json,af47cd8f1e90f4ba7642e18b691357aedf329bfb5786f2b6c5c3fb059f1101f0,733.8328531427311
1955e5_to_1955e3__log_length_distortion__rho_10_0,1955e5_to_1955e3,log_length_distortion,additive,True,4.176008071316579,70,103,0.0,0.0,0.0,0.07592459141948953,0.04054376768268523,0.016826131791824756,0.7415082522533664,0.10719688783772821,75,0.7281553398058253,28,"{""cost_distribution"":""1955e5_to_1955e3\\log_length_distortion\\additive_cost_distribution.png"",""edge_details"":""1955e5_to_1955e3\\log_length_distortion\\additive_best_median_positive_worst.png"",""overview"":""1955e5_to_1955e3\\log_length_distortion\\additive_overview.png""}",1955e5_to_1955e3\log_length_distortion\report.json,thesis_main_experiments_v2,C:\Users\Kishan\Documents\University\Thesis\River-Matcher\experiment_results\thesis_main_experiments_v2\suite_summary.json,C:\Users\Kishan\Documents\University\Thesis\River-Matcher\experiment_results\thesis_main_experiments_v2\1955e5_to_1955e3\log_length_distortion\report.json,4161d4f4b7ad3b66bfb636ee95a93f0fa82c55954e28081eead4879d90c745cf,4.176008071316578
1955e5_to_1955e3__log_length_distortion__rho_10_0,1955e5_to_1955e3,log_length_distortion,bottleneck,True,0.47633944769482134,70,103,0.0,0.0,0.07796154146971192,0.14576874945710483,0.1210782242565917,0.22025644406747474,0.47633944769482134,0.1320520419160137,33,0.32038834951456313,70,"{""cost_distribution"":""1955e5_to_1955e3\\log_length_distortion\\bottleneck_cost_distribution.png"",""edge_details"":""1955e5_to_1955e3\\log_length_distortion\\bottleneck_best_median_positive_worst.png"",""overview"":""1955e5_to_1955e3\\log_length_distortion\\bottleneck_overview.png""}",1955e5_to_1955e3\log_length_distortion\report.json,thesis_main_experiments_v2,C:\Users\Kishan\Documents\University\Thesis\River-Matcher\experiment_results\thesis_main_experiments_v2\suite_summary.json,C:\Users\Kishan\Documents\University\Thesis\River-Matcher\experiment_results\thesis_main_experiments_v2\1955e5_to_1955e3\log_length_distortion\report.json,49281e0044e80f6bc311dcc2eaf18658eac2efd36da33039454398677d55120a,12.471057098428945
1955e5_to_1955e3__mean_distance_tangent__rho_10_0,1955e5_to_1955e3,mean_distance_tangent,additive,True,30.906025429593214,70,103,0.0,0.0,0.0,0.2925651620239071,0.300058499316439,0.015625000000000003,5.5082047540651615,0.8886966793826966,70,0.6796116504854369,33,"{""cost_distribution"":""1955e5_to_1955e3\\mean_distance_tangent\\additive_cost_distribution.png"",""edge_details"":""1955e5_to_1955e3\\mean_distance_tangent\\additive_best_median_positive_worst.png"",""overview"":""1955e5_to_1955e3\\mean_distance_tangent\\additive_overview.png""}",1955e5_to_1955e3\mean_distance_tangent\report.json,thesis_main_experiments_v2,C:\Users\Kishan\Documents\University\Thesis\River-Matcher\experiment_results\thesis_main_experiments_v2\suite_summary.json,C:\Users\Kishan\Documents\University\Thesis\River-Matcher\experiment_results\thesis_main_experiments_v2\1955e5_to_1955e3\mean_distance_tangent\report.json,6575e61621235636a5f7541578b89df71239214776dc647ab8573d276fb676e8,30.906025429593218
1955e5_to_1955e3__mean_distance_tangent__rho_10_0,1955e5_to_1955e3,mean_distance_tangent,bottleneck,True,5.376119686460603,70,103,0.0,0.0,0.33231439407061375,0.8580795210477667,0.8881977945960721,1.2489219858684486,5.376119686460603,1.2677373438896038,32,0.3106796116504854,71,"{""cost_distribution"":""1955e5_to_1955e3\\mean_distance_tangent\\bottleneck_cost_distribution.png"",""edge_details"":""1955e5_to_1955e3\\mean_distance_tangent\\bottleneck_best_median_positive_worst.png"",""overview"":""1955e5_to_1955e3\\mean_distance_tangent\\bottleneck_overview.png""}",1955e5_to_1955e3\mean_distance_tangent\report.json,thesis_main_experiments_v2,C:\Users\Kishan\Documents\University\Thesis\River-Matcher\experiment_results\thesis_main_experiments_v2\suite_summary.json,C:\Users\Kishan\Documents\University\Thesis\River-Matcher\experiment_results\thesis_main_experiments_v2\1955e5_to_1955e3\mean_distance_tangent\report.json,360f460683a66561fde97bc2abd2cffb31f9c3e14ed28af56dc8579acd12d50f,91.4843728433954
1955e5_to_1955e3__relative_length_error__rho_10_0,1955e5_to_1955e3,relative_length_error,additive,True,3.586561682942074,70,103,0.0,0.0,0.0,0.06451612903225812,0.03482098721302985,0.011058528105080179,0.5236051502145922,0.0869948952866929,76,0.7378640776699029,27,"{""cost_distribution"":""1955e5_to_1955e3\\relative_length_error\\additive_cost_distribution.png"",""edge_details"":""1955e5_to_1955e3\\relative_length_error\\additive_best_median_positive_worst.png"",""overview"":""1955e5_to_1955e3\\relative_length_error\\additive_overview.png""}",1955e5_to_1955e3\relative_length_error\report.json,thesis_main_experiments_v2,C:\Users\Kishan\Documents\University\Thesis\River-Matcher\experiment_results\thesis_main_experiments_v2\suite_summary.json,C:\Users\Kishan\Documents\University\Thesis\River-Matcher\experiment_results\thesis_main_experiments_v2\1955e5_to_1955e3\relative_length_error\report.json,d881bc4b9ecd80314dcc83f6f92d7c48430546a05000f87b4b4990fa68bf3f84,3.586561682942074
1955e5_to_1955e3__relative_length_error__rho_10_0,1955e5_to_1955e3,relative_length_error,bottleneck,True,0.4377682403433476,70,103,0.0,0.0,0.03333333333333344,0.11864406779661008,0.0820543836275184,0.13484848484848488,0.4377682403433476,0.11034062392819274,44,0.42718446601941745,59,"{""cost_distribution"":""1955e5_to_1955e3\\relative_length_error\\bottleneck_cost_distribution.png"",""edge_details"":""1955e5_to_1955e3\\relative_length_error\\bottleneck_best_median_positive_worst.png"",""overview"":""1955e5_to_1955e3\\relative_length_error\\bottleneck_overview.png""}",1955e5_to_1955e3\relative_length_error\report.json,thesis_main_experiments_v2,C:\Users\Kishan\Documents\University\Thesis\River-Matcher\experiment_results\thesis_main_experiments_v2\suite_summary.json,C:\Users\Kishan\Documents\University\Thesis\River-Matcher\experiment_results\thesis_main_experiments_v2\1955e5_to_1955e3\relative_length_error\report.json,120177c3a1ba2407b85ec2030c27d937b8add1d07cbbd40e9057b29955264b71,8.451601513634396
1955e5_to_1955e3__symmetric_corridor_exceedance__rho_10_0,1955e5_to_1955e3,symmetric_corridor_exceedance,additive,True,0.11050131016934393,70,103,0.0,0.0,0.0,0.05525065508467197,0.0010728282540713003,0.0,0.1074619059207471,0.010538302895114003,101,0.9805825242718447,2,"{""cost_distribution"":""1955e5_to_1955e3\\symmetric_corridor_exceedance\\additive_cost_distribution.png"",""edge_details"":""1955e5_to_1955e3\\symmetric_corridor_exceedance\\additive_best_median_positive_worst.png"",""overview"":""1955e5_to_1955e3\\symmetric_corridor_exceedance\\additive_overview.png""}",1955e5_to_1955e3\symmetric_corridor_exceedance\report.json,thesis_main_experiments_v2,C:\Users\Kishan\Documents\University\Thesis\River-Matcher\experiment_results\thesis_main_experiments_v2\suite_summary.json,C:\Users\Kishan\Documents\University\Thesis\River-Matcher\experiment_results\thesis_main_experiments_v2\1955e5_to_1955e3\symmetric_corridor_exceedance\report.json,f123c2f03c41209bc8ee8b293612c08738fa515766c2ad71e3be2cd080f11ae3,0.11050131016934393
1955e5_to_1955e3__symmetric_corridor_exceedance__rho_10_0,1955e5_to_1955e3,symmetric_corridor_exceedance,bottleneck,True,0.09976215823767516,70,103,0.0,0.0,0.0,0.007184760747461878,0.00503707582313525,0.00130394189954342,0.09976215823767516,0.014223489369356525,71,0.6893203883495146,32,"{""cost_distribution"":""1955e5_to_1955e3\\symmetric_corridor_exceedance\\bottleneck_cost_distribution.png"",""edge_details"":""1955e5_to_1955e3\\symmetric_corridor_exceedance\\bottleneck_best_median_positive_worst.png"",""overview"":""1955e5_to_1955e3\\symmetric_corridor_exceedance\\bottleneck_overview.png""}",1955e5_to_1955e3\symmetric_corridor_exceedance\report.json,thesis_main_experiments_v2,C:\Users\Kishan\Documents\University\Thesis\River-Matcher\experiment_results\thesis_main_experiments_v2\suite_summary.json,C:\Users\Kishan\Documents\University\Thesis\River-Matcher\experiment_results\thesis_main_experiments_v2\1955e5_to_1955e3\symmetric_corridor_exceedance\report.json,6523305e7172af801e278fb02529f04fb6d879e10d97514e462f6e312710e270,0.5188188097829308
1998e3_to_1955e3__relative_length_error__rho_12_5,1998e3_to_1955e3,relative_length_error,additive,True,411.18168549112136,321,509,0.0,0.1100000000000001,0.30434782608695654,0.35294117647058826,0.8078225648155626,0.6962025316455696,20.666666666666668,1.82304258727073,39,0.07662082514734773,470,"{""cost_distribution"":""1998e3_to_1955e3_rho12_5\\relative_length_error\\additive_cost_distribution.png"",""edge_details"":""1998e3_to_1955e3_rho12_5\\relative_length_error\\additive_best_median_positive_worst.png"",""overview"":""1998e3_to_1955e3_rho12_5\\relative_length_error\\additive_overview.png""}",1998e3_to_1955e3_rho12_5\relative_length_error\report.json,rho_screen_12_5,C:\Users\Kishan\Documents\University\Thesis\River-Matcher\experiment_results\rho_screen_12_5\suite_summary.json,C:\Users\Kishan\Documents\University\Thesis\River-Matcher\experiment_results\rho_screen_12_5\1998e3_to_1955e3_rho12_5\relative_length_error\report.json,fe349259fdca57fce51d5035a9a6c7c84f87fb79a5b6230b96e76a3dcc5a8831,411.18168549112136
1998e3_to_1955e3__relative_length_error__rho_12_5,1998e3_to_1955e3,relative_length_error,bottleneck,True,20.666666666666668,321,509,0.0,0.3571428571428572,0.7777777777777777,0.8144519289650949,1.5835156996693378,1.923076923076923,20.666666666666668,2.2625839759930453,7,0.0137524557956778,502,"{""cost_distribution"":""1998e3_to_1955e3_rho12_5\\relative_length_error\\bottleneck_cost_distribution.png"",""edge_details"":""1998e3_to_1955e3_rho12_5\\relative_length_error\\bottleneck_best_median_positive_worst.png"",""overview"":""1998e3_to_1955e3_rho12_5\\relative_length_error\\bottleneck_overview.png""}",1998e3_to_1955e3_rho12_5\relative_length_error\report.json,rho_screen_12_5,C:\Users\Kishan\Documents\University\Thesis\River-Matcher\experiment_results\rho_screen_12_5\suite_summary.json,C:\Users\Kishan\Documents\University\Thesis\River-Matcher\experiment_results\rho_screen_12_5\1998e3_to_1955e3_rho12_5\relative_length_error\report.json,b74faf8ad3f8128d58799ade1bbc7cb215de3c763003d2f1f748ea3cda5fe923,806.0094911316929
1998e5_to_1998e3__discrete_frechet_distance__rho_10_0,1998e5_to_1998e3,discrete_frechet_distance,additive,True,81.73861807535519,54,78,0.0,0.0,0.0,5.53878213815076,1.0479310009660925,0.0,9.785466467851663,2.4708399596368005,64,0.8205128205128205,14,"{""cost_distribution"":""1998e5_to_1998e3\\discrete_frechet_distance\\additive_cost_distribution.png"",""edge_details"":""1998e5_to_1998e3\\discrete_frechet_distance\\additive_best_median_positive_worst.png"",""overview"":""1998e5_to_1998e3\\discrete_frechet_distance\\additive_overview.png""}",1998e5_to_1998e3\discrete_frechet_distance\report.json,confirmed_pairs,C:\Users\Kishan\Documents\University\Thesis\River-Matcher\experiment_results\confirmed_pairs\suite_summary.json,C:\Users\Kishan\Documents\University\Thesis\River-Matcher\experiment_results\confirmed_pairs\1998e5_to_1998e3\discrete_frechet_distance\report.json,94c2d2ad006426b28f708b23346e0e53523f1fff9b87ccf70b9f74e72d69ab3f,81.73861807535519
1998e5_to_1998e3__discrete_frechet_distance__rho_10_0,1998e5_to_1998e3,discrete_frechet_distance,bottleneck,True,9.693020608978266,54,78,0.0,0.0,2.0,4.401571751904956,2.4706845913250683,4.572002417834993,9.693020608978266,2.7047222443718697,36,0.46153846153846156,42,"{""cost_distribution"":""1998e5_to_1998e3\\discrete_frechet_distance\\bottleneck_cost_distribution.png"",""edge_details"":""1998e5_to_1998e3\\discrete_frechet_distance\\bottleneck_best_median_positive_worst.png"",""overview"":""1998e5_to_1998e3\\discrete_frechet_distance\\bottleneck_overview.png""}",1998e5_to_1998e3\discrete_frechet_distance\report.json,confirmed_pairs,C:\Users\Kishan\Documents\University\Thesis\River-Matcher\experiment_results\confirmed_pairs\suite_summary.json,C:\Users\Kishan\Documents\University\Thesis\River-Matcher\experiment_results\confirmed_pairs\1998e5_to_1998e3\discrete_frechet_distance\report.json,7c17606e20e5265c91e4f26758bf986986eeeb2143a80e77ca62f04f7361a0a4,192.71339812335535
1998e5_to_1998e3__dynamic_time_warping_distance__rho_10_0,1998e5_to_1998e3,dynamic_time_warping_distance,additive,True,36.419149958482684,54,78,0.0,0.0,0.0,1.7769113233136027,0.4669121789549061,0.0,5.809602579718631,1.1192497681700835,62,0.7948717948717948,16,"{""cost_distribution"":""1998e5_to_1998e3\\dynamic_time_warping_distance\\additive_cost_distribution.png"",""edge_details"":""1998e5_to_1998e3\\dynamic_time_warping_distance\\additive_best_median_positive_worst.png"",""overview"":""1998e5_to_1998e3\\dynamic_time_warping_distance\\additive_overview.png""}",1998e5_to_1998e3\dynamic_time_warping_distance\report.json,confirmed_pairs,C:\Users\Kishan\Documents\University\Thesis\River-Matcher\experiment_results\confirmed_pairs\suite_summary.json,C:\Users\Kishan\Documents\University\Thesis\River-Matcher\experiment_results\confirmed_pairs\1998e5_to_1998e3\dynamic_time_warping_distance\report.json,290a2e80691292757736871118e6c3ee6f0352838e0df5cb1867ea24f2d9c1af,36.419149958482684
1998e5_to_1998e3__dynamic_time_warping_distance__rho_10_0,1998e5_to_1998e3,dynamic_time_warping_distance,bottleneck,True,5.809602579718631,54,78,0.0,0.0,1.1451342205822206,1.928204314772293,1.52638861483096,2.4501339552079417,5.809602579718631,1.6199656864507639,27,0.34615384615384615,51,"{""cost_distribution"":""1998e5_to_1998e3\\dynamic_time_warping_distance\\bottleneck_cost_distribution.png"",""edge_details"":""1998e5_to_1998e3\\dynamic_time_warping_distance\\bottleneck_best_median_positive_worst.png"",""overview"":""1998e5_to_1998e3\\dynamic_time_warping_distance\\bottleneck_overview.png""}",1998e5_to_1998e3\dynamic_time_warping_distance\report.json,confirmed_pairs,C:\Users\Kishan\Documents\University\Thesis\River-Matcher\experiment_results\confirmed_pairs\suite_summary.json,C:\Users\Kishan\Documents\University\Thesis\River-Matcher\experiment_results\confirmed_pairs\1998e5_to_1998e3\dynamic_time_warping_distance\report.json,ea3d25a952e28d17bab4f0cc2a3c7d1e8225780b748b769de08ab6a8144546d0,119.05831195681486
1998e5_to_1998e3__hausdorff_distance__rho_10_0,1998e5_to_1998e3,hausdorff_distance,additive,True,80.37266329561248,54,78,0.0,0.0,0.0,5.5,1.03041876020016,0.0,10.0,2.460410899425578,64,0.8205128205128205,14,"{""cost_distribution"":""1998e5_to_1998e3\\hausdorff_distance\\additive_cost_distribution.png"",""edge_details"":""1998e5_to_1998e3\\hausdorff_distance\\additive_best_median_positive_worst.png"",""overview"":""1998e5_to_1998e3\\hausdorff_distance\\additive_overview.png""}",1998e5_to_1998e3\hausdorff_distance\report.json,confirmed_pairs,C:\Users\Kishan\Documents\University\Thesis\River-Matcher\experiment_results\confirmed_pairs\suite_summary.json,C:\Users\Kishan\Documents\University\Thesis\River-Matcher\experiment_results\confirmed_pairs\1998e5_to_1998e3\hausdorff_distance\report.json,94c2d2ad006426b28f708b23346e0e53523f1fff9b87ccf70b9f74e72d69ab3f,80.37266329561248
1998e5_to_1998e3__hausdorff_distance__rho_10_0,1998e5_to_1998e3,hausdorff_distance,bottleneck,True,10.0,54,78,0.0,0.0,1.4142135623730951,4.47213595499958,2.3152590294295683,4.47213595499958,10.0,2.7383480395339106,38,0.48717948717948717,40,"{""cost_distribution"":""1998e5_to_1998e3\\hausdorff_distance\\bottleneck_cost_distribution.png"",""edge_details"":""1998e5_to_1998e3\\hausdorff_distance\\bottleneck_best_median_positive_worst.png"",""overview"":""1998e5_to_1998e3\\hausdorff_distance\\bottleneck_overview.png""}",1998e5_to_1998e3\hausdorff_distance\report.json,confirmed_pairs,C:\Users\Kishan\Documents\University\Thesis\River-Matcher\experiment_results\confirmed_pairs\suite_summary.json,C:\Users\Kishan\Documents\University\Thesis\River-Matcher\experiment_results\confirmed_pairs\1998e5_to_1998e3\hausdorff_distance\report.json,022c0bdeae4d825e4f4fcc75b3dd48d8d16a86f0b906e33c9a4cda0d183903eb,180.59020429550634
1998e5_to_1998e3__log_length_distortion__rho_10_0,1998e5_to_1998e3,log_length_distortion,additive,True,2.102760668957757,54,78,0.0,0.0,0.0,0.08116288371710172,0.02695847011484304,0.006172874352386583,0.3190982686851599,0.06479442485453862,58,0.7435897435897436,20,"{""cost_distribution"":""1998e5_to_1998e3\\log_length_distortion\\additive_cost_distribution.png"",""edge_details"":""1998e5_to_1998e3\\log_length_distortion\\additive_best_median_positive_worst.png"",""overview"":""1998e5_to_1998e3\\log_length_distortion\\additive_overview.png""}",1998e5_to_1998e3\log_length_distortion\report.json,confirmed_pairs,C:\Users\Kishan\Documents\University\Thesis\River-Matcher\experiment_results\confirmed_pairs\suite_summary.json,C:\Users\Kishan\Documents\University\Thesis\River-Matcher\experiment_results\confirmed_pairs\1998e5_to_1998e3\log_length_distortion\report.json,4874735134b81f61e78c4da8c5a46e767f1a0a6ac6b8182ad1eeeb9a9315d4af,2.102760668957757
1998e5_to_1998e3__log_length_distortion__rho_10_0,1998e5_to_1998e3,log_length_distortion,bottleneck,True,0.3190982686851599,54,78,0.0,0.0,0.06897706530645863,0.1136824154181669,0.09352387680442169,0.15937718181432836,0.3190982686851599,0.09637713701359076,24,0.3076923076923077,54,"{""cost_distribution"":""1998e5_to_1998e3\\log_length_distortion\\bottleneck_cost_distribution.png"",""edge_details"":""1998e5_to_1998e3\\log_length_distortion\\bottleneck_best_median_positive_worst.png"",""overview"":""1998e5_to_1998e3\\log_length_distortion\\bottleneck_overview.png""}",1998e5_to_1998e3\log_length_distortion\report.json,confirmed_pairs,C:\Users\Kishan\Documents\University\Thesis\River-Matcher\experiment_results\confirmed_pairs\suite_summary.json,C:\Users\Kishan\Documents\University\Thesis\River-Matcher\experiment_results\confirmed_pairs\1998e5_to_1998e3\log_length_distortion\report.json,04640c607544880caaa7783fc49cca409a2682482f431584f7e8e530b0aac746,7.294862390744892
1998e5_to_1998e3__mean_distance_tangent__rho_10_0,1998e5_to_1998e3,mean_distance_tangent,additive,True,15.512908809505802,54,78,0.0,0.0,0.0,0.12145717535497279,0.1988834462757154,0.03125000000000001,3.9091767445237653,0.5862100433850553,45,0.5769230769230769,33,"{""cost_distribution"":""1998e5_to_1998e3\\mean_distance_tangent\\additive_cost_distribution.png"",""edge_details"":""1998e5_to_1998e3\\mean_distance_tangent\\additive_best_median_positive_worst.png"",""overview"":""1998e5_to_1998e3\\mean_distance_tangent\\additive_overview.png""}",1998e5_to_1998e3\mean_distance_tangent\report.json,confirmed_pairs,C:\Users\Kishan\Documents\University\Thesis\River-Matcher\experiment_results\confirmed_pairs\suite_summary.json,C:\Users\Kishan\Documents\University\Thesis\River-Matcher\experiment_results\confirmed_pairs\1998e5_to_1998e3\mean_distance_tangent\report.json,240da08e4db795bdd8a97e2b2f54147fcd831da7dc0a085e065e98437e857007,15.5129088095058
1998e5_to_1998e3__mean_distance_tangent__rho_10_0,1998e5_to_1998e3,mean_distance_tangent,bottleneck,True,2.6747381398867667,54,78,0.0,0.0019531250000000004,0.39400727211070585,0.6280868714941974,0.6725754755872853,1.211754394330741,2.6747381398867667,0.7832452354063147,20,0.2564102564102564,58,"{""cost_distribution"":""1998e5_to_1998e3\\mean_distance_tangent\\bottleneck_cost_distribution.png"",""edge_details"":""1998e5_to_1998e3\\mean_distance_tangent\\bottleneck_best_median_positive_worst.png"",""overview"":""1998e5_to_1998e3\\mean_distance_tangent\\bottleneck_overview.png""}",1998e5_to_1998e3\mean_distance_tangent\report.json,confirmed_pairs,C:\Users\Kishan\Documents\University\Thesis\River-Matcher\experiment_results\confirmed_pairs\suite_summary.json,C:\Users\Kishan\Documents\University\Thesis\River-Matcher\experiment_results\confirmed_pairs\1998e5_to_1998e3\mean_distance_tangent\report.json,51b92f2ff1a22dadb26e651bef3f41f1db3cf0bfac1eee9eb5fbe629bc894292,52.460887095808246
1998e5_to_1998e3__relative_length_error__rho_10_0,1998e5_to_1998e3,relative_length_error,additive,True,1.8984628658560898,54,78,0.0,0.0,0.0,0.05649717514124297,0.024339267510975513,0.0,0.44680851063829785,0.06700056778035454,59,0.7564102564102564,19,"{""cost_distribution"":""1998e5_to_1998e3\\relative_length_error\\additive_cost_distribution.png"",""edge_details"":""1998e5_to_1998e3\\relative_length_error\\additive_best_median_positive_worst.png"",""overview"":""1998e5_to_1998e3\\relative_length_error\\additive_overview.png""}",1998e5_to_1998e3\relative_length_error\report.json,confirmed_pairs,C:\Users\Kishan\Documents\University\Thesis\River-Matcher\experiment_results\confirmed_pairs\suite_summary.json,C:\Users\Kishan\Documents\University\Thesis\River-Matcher\experiment_results\confirmed_pairs\1998e5_to_1998e3\relative_length_error\report.json,c5e94bb7d90a94497f047a2ee52ac5ea58dddb4cd6d41aa2432044e5aa0691c8,1.8984628658560898
1998e5_to_1998e3__relative_length_error__rho_10_0,1998e5_to_1998e3,relative_length_error,bottleneck,True,0.2731958762886598,54,78,0.0,0.0,0.04499596448748994,0.1063829787234043,0.07531186564836698,0.12038903446885707,0.2731958762886598,0.08731659801701896,31,0.3974358974358974,47,"{""cost_distribution"":""1998e5_to_1998e3\\relative_length_error\\bottleneck_cost_distribution.png"",""edge_details"":""1998e5_to_1998e3\\relative_length_error\\bottleneck_best_median_positive_worst.png"",""overview"":""1998e5_to_1998e3\\relative_length_error\\bottleneck_overview.png""}",1998e5_to_1998e3\relative_length_error\report.json,confirmed_pairs,C:\Users\Kishan\Documents\University\Thesis\River-Matcher\experiment_results\confirmed_pairs\suite_summary.json,C:\Users\Kishan\Documents\University\Thesis\River-Matcher\experiment_results\confirmed_pairs\1998e5_to_1998e3\relative_length_error\report.json,1010ef9f36dabfdb23297a85061744ef2216a0428510365750e24b869b8710dc,5.874325520572623
1998e5_to_1998e3__symmetric_corridor_exceedance__rho_10_0,1998e5_to_1998e3,symmetric_corridor_exceedance,additive,True,0.0,54,78,0.0,0.0,0.0,,0.0,0.0,0.0,0.0,78,1.0,0,"{""cost_distribution"":""1998e5_to_1998e3\\symmetric_corridor_exceedance\\additive_cost_distribution.png"",""edge_details"":""1998e5_to_1998e3\\symmetric_corridor_exceedance\\additive_best_median_positive_worst.png"",""overview"":""1998e5_to_1998e3\\symmetric_corridor_exceedance\\additive_overview.png""}",1998e5_to_1998e3\symmetric_corridor_exceedance\report.json,confirmed_pairs,C:\Users\Kishan\Documents\University\Thesis\River-Matcher\experiment_results\confirmed_pairs\suite_summary.json,C:\Users\Kishan\Documents\University\Thesis\River-Matcher\experiment_results\confirmed_pairs\1998e5_to_1998e3\symmetric_corridor_exceedance\report.json,256dc4f570976c9fc597bc31827d6f9cbed2ab58733054aa0bde63568a63036e,0.0
1998e5_to_1998e3__symmetric_corridor_exceedance__rho_10_0,1998e5_to_1998e3,symmetric_corridor_exceedance,bottleneck,True,0.0,54,78,0.0,0.0,0.0,,0.0,0.0,0.0,0.0,78,1.0,0,"{""cost_distribution"":""1998e5_to_1998e3\\symmetric_corridor_exceedance\\bottleneck_cost_distribution.png"",""edge_details"":""1998e5_to_1998e3\\symmetric_corridor_exceedance\\bottleneck_best_median_positive_worst.png"",""overview"":""1998e5_to_1998e3\\symmetric_corridor_exceedance\\bottleneck_overview.png""}",1998e5_to_1998e3\symmetric_corridor_exceedance\report.json,confirmed_pairs,C:\Users\Kishan\Documents\University\Thesis\River-Matcher\experiment_results\confirmed_pairs\suite_summary.json,C:\Users\Kishan\Documents\University\Thesis\River-Matcher\experiment_results\confirmed_pairs\1998e5_to_1998e3\symmetric_corridor_exceedance\report.json,256dc4f570976c9fc597bc31827d6f9cbed2ab58733054aa0bde63568a63036e,0.0
2014e5_to_1955e3__discrete_frechet_distance__rho_10_0,2014e5_to_1955e3,discrete_frechet_distance,additive,True,931.1438231139766,51,74,2.0030840419244402,8.081396810429684,11.851749184241449,11.851749184241449,12.583024636675361,15.231546211727817,30.1769201618726,6.15000080954171,0,0.0,74,"{""cost_distribution"":""2014e5_to_1955e3\\discrete_frechet_distance\\additive_cost_distribution.png"",""edge_details"":""2014e5_to_1955e3\\discrete_frechet_distance\\additive_best_median_positive_worst.png"",""overview"":""2014e5_to_1955e3\\discrete_frechet_distance\\additive_overview.png""}",2014e5_to_1955e3\discrete_frechet_distance\report.json,confirmed_pairs,C:\Users\Kishan\Documents\University\Thesis\River-Matcher\experiment_results\confirmed_pairs\suite_summary.json,C:\Users\Kishan\Documents\University\Thesis\River-Matcher\experiment_results\confirmed_pairs\2014e5_to_1955e3\discrete_frechet_distance\report.json,6c795ab424cd3f08191477d8f7e543cd86634b0f9c81727bb219c73d50b1e3ab,931.1438231139766
2014e5_to_1955e3__discrete_frechet_distance__rho_10_0,2014e5_to_1955e3,discrete_frechet_distance,bottleneck,True,30.1769201618726,51,74,8.54400374531753,13.363033635110623,19.666992254898325,19.666992254898325,19.23734150208162,25.238858928247925,30.1769201618726,6.18771665403901,0,0.0,74,"{""cost_distribution"":""2014e5_to_1955e3\\discrete_frechet_distance\\bottleneck_cost_distribution.png"",""edge_details"":""2014e5_to_1955e3\\discrete_frechet_distance\\bottleneck_best_median_positive_worst.png"",""overview"":""2014e5_to_1955e3\\discrete_frechet_distance\\bottleneck_overview.png""}",2014e5_to_1955e3\discrete_frechet_distance\report.json,confirmed_pairs,C:\Users\Kishan\Documents\University\Thesis\River-Matcher\experiment_results\confirmed_pairs\suite_summary.json,C:\Users\Kishan\Documents\University\Thesis\River-Matcher\experiment_results\confirmed_pairs\2014e5_to_1955e3\discrete_frechet_distance\report.json,f3b43cefd1fc8e751969775cfb7f7cef334a7c83492ecd10003df3781f3f9e67,1423.5632711540397
2014e5_to_1955e3__dynamic_time_warping_distance__rho_10_0,2014e5_to_1955e3,dynamic_time_warping_distance,additive,True,538.5987754570904,51,74,1.2544049927817293,4.2000498871987,6.576113674999822,6.576113674999822,7.278361830501221,8.764284293619363,27.800940720038298,4.930835076091583,0,0.0,74,"{""cost_distribution"":""2014e5_to_1955e3\\dynamic_time_warping_distance\\additive_cost_distribution.png"",""edge_details"":""2014e5_to_1955e3\\dynamic_time_warping_distance\\additive_best_median_positive_worst.png"",""overview"":""2014e5_to_1955e3\\dynamic_time_warping_distance\\additive_overview.png""}",2014e5_to_1955e3\dynamic_time_warping_distance\report.json,confirmed_pairs,C:\Users\Kishan\Documents\University\Thesis\River-Matcher\experiment_results\confirmed_pairs\suite_summary.json,C:\Users\Kishan\Documents\University\Thesis\River-Matcher\experiment_results\confirmed_pairs\2014e5_to_1955e3\dynamic_time_warping_distance\report.json,c49bb7ec3ffc93bd62e316fc819899c0aa2cad0968c87c1f47bfa11946db6dff,538.5987754570905
2014e5_to_1955e3__dynamic_time_warping_distance__rho_10_0,2014e5_to_1955e3,dynamic_time_warping_distance,bottleneck,True,25.499228131746523,51,74,3.336767745489903,7.915681642993031,10.892462438110599,10.892462438110599,12.171345383869026,15.66727247669979,25.499228131746523,4.969354921950122,0,0.0,74,"{""cost_distribution"":""2014e5_to_1955e3\\dynamic_time_warping_distance\\bottleneck_cost_distribution.png"",""edge_details"":""2014e5_to_1955e3\\dynamic_time_warping_distance\\bottleneck_best_median_positive_worst.png"",""overview"":""2014e5_to_1955e3\\dynamic_time_warping_distance\\bottleneck_overview.png""}",2014e5_to_1955e3\dynamic_time_warping_distance\report.json,confirmed_pairs,C:\Users\Kishan\Documents\University\Thesis\River-Matcher\experiment_results\confirmed_pairs\suite_summary.json,C:\Users\Kishan\Documents\University\Thesis\River-Matcher\experiment_results\confirmed_pairs\2014e5_to_1955e3\dynamic_time_warping_distance\report.json,c4ce88bde0e5a4361d6eafdfdd287317dcc52edb5e934e97fa2bc7c3f31a4fd7,900.6795584063078
2014e5_to_1955e3__hausdorff_distance__rho_10_0,2014e5_to_1955e3,hausdorff_distance,additive,True,907.4010467011683,51,74,2.0,8.06225774829855,11.661903789690601,11.661903789690601,12.262176306772542,15.114865423854212,28.792360097775937,6.0875242209411375,0,0.0,74,"{""cost_distribution"":""2014e5_to_1955e3\\hausdorff_distance\\additive_cost_distribution.png"",""edge_details"":""2014e5_to_1955e3\\hausdorff_distance\\additive_best_median_positive_worst.png"",""overview"":""2014e5_to_1955e3\\hausdorff_distance\\additive_overview.png""}",2014e5_to_1955e3\hausdorff_distance\report.json,confirmed_pairs,C:\Users\Kishan\Documents\University\Thesis\River-Matcher\experiment_results\confirmed_pairs\suite_summary.json,C:\Users\Kishan\Documents\University\Thesis\River-Matcher\experiment_results\confirmed_pairs\2014e5_to_1955e3\hausdorff_distance\report.json,1dab59a940bbdd90151197c79d108ee95600e55972db59ad5ac088ed8310514e,907.4010467011682
2014e5_to_1955e3__hausdorff_distance__rho_10_0,2014e5_to_1955e3,hausdorff_distance,bottleneck,True,28.792360097775937,51,74,7.615773105863909,12.736832980505138,19.716560564227613,19.716560564227613,18.709671483876708,24.791522986797286,28.792360097775937,6.21263564150188,0,0.0,74,"{""cost_distribution"":""2014e5_to_1955e3\\hausdorff_distance\\bottleneck_cost_distribution.png"",""edge_details"":""2014e5_to_1955e3\\hausdorff_distance\\bottleneck_best_median_positive_worst.png"",""overview"":""2014e5_to_1955e3\\hausdorff_distance\\bottleneck_overview.png""}",2014e5_to_1955e3\hausdorff_distance\report.json,confirmed_pairs,C:\Users\Kishan\Documents\University\Thesis\River-Matcher\experiment_results\confirmed_pairs\suite_summary.json,C:\Users\Kishan\Documents\University\Thesis\River-Matcher\experiment_results\confirmed_pairs\2014e5_to_1955e3\hausdorff_distance\report.json,f162245d367a2df8371c2328f5b22dd050b81e2004791fbc1c6d2625999c0fc0,1384.5156898068763
2014e5_to_1955e3__log_length_distortion__rho_10_0,2014e5_to_1955e3,log_length_distortion,additive,True,13.878366161332586,51,74,0.0,0.04876747503458355,0.1244729612544335,0.12636332267438655,0.18754548866665657,0.22269584357168568,1.1557707025080584,0.20536431383957038,2,0.02702702702702703,72,"{""cost_distribution"":""2014e5_to_1955e3\\log_length_distortion\\additive_cost_distribution.png"",""edge_details"":""2014e5_to_1955e3\\log_length_distortion\\additive_best_median_positive_worst.png"",""overview"":""2014e5_to_1955e3\\log_length_distortion\\additive_overview.png""}",2014e5_to_1955e3\log_length_distortion\report.json,confirmed_pairs,C:\Users\Kishan\Documents\University\Thesis\River-Matcher\experiment_results\confirmed_pairs\suite_summary.json,C:\Users\Kishan\Documents\University\Thesis\River-Matcher\experiment_results\confirmed_pairs\2014e5_to_1955e3\log_length_distortion\report.json,016189545b171818c3bd2d543bf6545e4c8026ad8adedd1d3766e813c7b9b3f0,13.878366161332584
2014e5_to_1955e3__log_length_distortion__rho_10_0,2014e5_to_1955e3,log_length_distortion,bottleneck,True,1.1557707025080584,51,74,0.0,0.13616781928318095,0.2517508868381689,0.25782910930209985,0.3083290580402479,0.4651570709085546,1.1557707025080584,0.22529590680076692,1,0.013513513513513514,73,"{""cost_distribution"":""2014e5_to_1955e3\\log_length_distortion\\bottleneck_cost_distribution.png"",""edge_details"":""2014e5_to_1955e3\\log_length_distortion\\bottleneck_best_median_positive_worst.png"",""overview"":""2014e5_to_1955e3\\log_length_distortion\\bottleneck_overview.png""}",2014e5_to_1955e3\log_length_distortion\report.json,confirmed_pairs,C:\Users\Kishan\Documents\University\Thesis\River-Matcher\experiment_results\confirmed_pairs\suite_summary.json,C:\Users\Kishan\Documents\University\Thesis\River-Matcher\experiment_results\confirmed_pairs\2014e5_to_1955e3\log_length_distortion\report.json,884d45c9b6867f9118cfa1c366f1414220137c613c6c9f47d287ad891bcd4188,22.816350294978346
2014e5_to_1955e3__mean_distance_tangent__rho_10_0,2014e5_to_1955e3,mean_distance_tangent,additive,True,337.122671052062,51,74,1.0222780108723777,2.9726176245771634,4.099758386103593,4.099758386103593,4.555711770973812,5.434548309082523,14.396752502255268,2.4943549180361706,0,0.0,74,"{""cost_distribution"":""2014e5_to_1955e3\\mean_distance_tangent\\additive_cost_distribution.png"",""edge_details"":""2014e5_to_1955e3\\mean_distance_tangent\\additive_best_median_positive_worst.png"",""overview"":""2014e5_to_1955e3\\mean_distance_tangent\\additive_overview.png""}",2014e5_to_1955e3\mean_distance_tangent\report.json,confirmed_pairs,C:\Users\Kishan\Documents\University\Thesis\River-Matcher\experiment_results\confirmed_pairs\suite_summary.json,C:\Users\Kishan\Documents\University\Thesis\River-Matcher\experiment_results\confirmed_pairs\2014e5_to_1955e3\mean_distance_tangent\report.json,78bd21cb4a0f41256dac7edce5b28735481f1c31ac69df75e51f916468573c40,337.12267105206206
2014e5_to_1955e3__mean_distance_tangent__rho_10_0,2014e5_to_1955e3,mean_distance_tangent,bottleneck,True,13.908859306644423,51,74,1.2226175296453752,3.8200551635244793,4.9635994292014685,4.9635994292014685,5.796482570161583,7.463043238247311,13.908859306644423,2.8980569286448157,0,0.0,74,"{""cost_distribution"":""2014e5_to_1955e3\\mean_distance_tangent\\bottleneck_cost_distribution.png"",""edge_details"":""2014e5_to_1955e3\\mean_distance_tangent\\bottleneck_best_median_positive_worst.png"",""overview"":""2014e5_to_1955e3\\mean_distance_tangent\\bottleneck_overview.png""}",2014e5_to_1955e3\mean_distance_tangent\report.json,confirmed_pairs,C:\Users\Kishan\Documents\University\Thesis\River-Matcher\experiment_results\confirmed_pairs\suite_summary.json,C:\Users\Kishan\Documents\University\Thesis\River-Matcher\experiment_results\confirmed_pairs\2014e5_to_1955e3\mean_distance_tangent\report.json,7cfbfbe11d456f230fc0daa1063f23d89f398ddebc4d7b0e14758ff4452c2fbf,428.9397101919571
2014e5_to_1955e3__relative_length_error__rho_10_0,2014e5_to_1955e3,relative_length_error,additive,True,15.481075431958534,51,74,0.0,0.049297230260438224,0.1290006988120196,0.13882254597563892,0.2092037220534937,0.24946495452113426,2.176470588235294,0.29912782501080215,2,0.02702702702702703,72,"{""cost_distribution"":""2014e5_to_1955e3\\relative_length_error\\additive_cost_distribution.png"",""edge_details"":""2014e5_to_1955e3\\relative_length_error\\additive_best_median_positive_worst.png"",""overview"":""2014e5_to_1955e3\\relative_length_error\\additive_overview.png""}",2014e5_to_1955e3\relative_length_error\report.json,confirmed_pairs,C:\Users\Kishan\Documents\University\Thesis\River-Matcher\experiment_results\confirmed_pairs\suite_summary.json,C:\Users\Kishan\Documents\University\Thesis\River-Matcher\experiment_results\confirmed_pairs\2014e5_to_1955e3\relative_length_error\report.json,94d387975b84189dcc23061928c06f34737f2e1eebd8760843ab1640e8d6e3cc,15.481075431958534
2014e5_to_1955e3__relative_length_error__rho_10_0,2014e5_to_1955e3,relative_length_error,bottleneck,True,2.176470588235294,51,74,0.0,0.14163195295270764,0.2781293952180028,0.2784810126582278,0.3760640800835842,0.5200427439532944,2.176470588235294,0.3510034806606442,1,0.013513513513513514,73,"{""cost_distribution"":""2014e5_to_1955e3\\relative_length_error\\bottleneck_cost_distribution.png"",""edge_details"":""2014e5_to_1955e3\\relative_length_error\\bottleneck_best_median_positive_worst.png"",""overview"":""2014e5_to_1955e3\\relative_length_error\\bottleneck_overview.png""}",2014e5_to_1955e3\relative_length_error\report.json,confirmed_pairs,C:\Users\Kishan\Documents\University\Thesis\River-Matcher\experiment_results\confirmed_pairs\suite_summary.json,C:\Users\Kishan\Documents\University\Thesis\River-Matcher\experiment_results\confirmed_pairs\2014e5_to_1955e3\relative_length_error\report.json,0ce5110218be40c51678daa24e5f4c891799efc95c13c7bc6c20a007bc5fb36f,27.828741926185227
2014e5_to_1955e3__symmetric_corridor_exceedance__rho_10_0,2014e5_to_1955e3,symmetric_corridor_exceedance,additive,True,2.84578817821866,51,74,0.0,0.0,0.005538588278333946,0.015222275651613559,0.03845659700295487,0.030463460345366435,0.5691505982539453,0.09885457363049532,25,0.33783783783783783,49,"{""cost_distribution"":""2014e5_to_1955e3\\symmetric_corridor_exceedance\\additive_cost_distribution.png"",""edge_details"":""2014e5_to_1955e3\\symmetric_corridor_exceedance\\additive_best_median_positive_worst.png"",""overview"":""2014e5_to_1955e3\\symmetric_corridor_exceedance\\additive_overview.png""}",2014e5_to_1955e3\symmetric_corridor_exceedance\report.json,confirmed_pairs,C:\Users\Kishan\Documents\University\Thesis\River-Matcher\experiment_results\confirmed_pairs\suite_summary.json,C:\Users\Kishan\Documents\University\Thesis\River-Matcher\experiment_results\confirmed_pairs\2014e5_to_1955e3\symmetric_corridor_exceedance\report.json,8175fcc6cbd03a8598d159ef57c03e6059d8be824340f34f51605bf2aea61ff7,2.84578817821866
2014e5_to_1955e3__symmetric_corridor_exceedance__rho_10_0,2014e5_to_1955e3,symmetric_corridor_exceedance,bottleneck,True,0.5267043197409973,51,74,0.0,0.012671135417190295,0.05793642599044545,0.06505638214378787,0.10356943428815332,0.1527439026495036,0.5267043197409973,0.12133963461190342,6,0.08108108108108109,68,"{""cost_distribution"":""2014e5_to_1955e3\\symmetric_corridor_exceedance\\bottleneck_cost_distribution.png"",""edge_details"":""2014e5_to_1955e3\\symmetric_corridor_exceedance\\bottleneck_best_median_positive_worst.png"",""overview"":""2014e5_to_1955e3\\symmetric_corridor_exceedance\\bottleneck_overview.png""}",2014e5_to_1955e3\symmetric_corridor_exceedance\report.json,confirmed_pairs,C:\Users\Kishan\Documents\University\Thesis\River-Matcher\experiment_results\confirmed_pairs\suite_summary.json,C:\Users\Kishan\Documents\University\Thesis\River-Matcher\experiment_results\confirmed_pairs\2014e5_to_1955e3\symmetric_corridor_exceedance\report.json,cfec5c6fead674d7198be01eb51db30e8491501ed73dd72092b55534a70afc74,7.664138137323347
2014e5_to_1955e5__discrete_frechet_distance__rho_12_5,2014e5_to_1955e5,discrete_frechet_distance,additive,True,2169.4313566853925,51,74,6.708203932499369,13.132905574053659,23.015330645636734,23.015330645636734,29.316639955208007,34.79259326977743,84.92938243034621,21.112430618085476,0,0.0,74,"{""cost_distribution"":""2014e5_to_1955e5\\discrete_frechet_distance\\additive_cost_distribution.png"",""edge_details"":""2014e5_to_1955e5\\discrete_frechet_distance\\additive_best_median_positive_worst.png"",""overview"":""2014e5_to_1955e5\\discrete_frechet_distance\\additive_overview.png""}",2014e5_to_1955e5\discrete_frechet_distance\report.json,cross_year_same_scale,C:\Users\Kishan\Documents\University\Thesis\River-Matcher\experiment_results\cross_year_same_scale\suite_summary.json,C:\Users\Kishan\Documents\University\Thesis\River-Matcher\experiment_results\cross_year_same_scale\2014e5_to_1955e5\discrete_frechet_distance\report.json,fee2e76edcbe6ac95fd873ce7d57895ceaac249cbb3a378c5fac9c3b08717b1c,2169.4313566853925
2014e5_to_1955e5__discrete_frechet_distance__rho_12_5,2014e5_to_1955e5,discrete_frechet_distance,bottleneck,True,84.92938243034621,51,74,13.038404810405298,24.564160617941774,40.643208200271935,40.643208200271935,42.520355110003244,59.51508055406485,84.92938243034621,21.137327667417527,0,0.0,74,"{""cost_distribution"":""2014e5_to_1955e5\\discrete_frechet_distance\\bottleneck_cost_distribution.png"",""edge_details"":""2014e5_to_1955e5\\discrete_frechet_distance\\bottleneck_best_median_positive_worst.png"",""overview"":""2014e5_to_1955e5\\discrete_frechet_distance\\bottleneck_overview.png""}",2014e5_to_1955e5\discrete_frechet_distance\report.json,cross_year_same_scale,C:\Users\Kishan\Documents\University\Thesis\River-Matcher\experiment_results\cross_year_same_scale\suite_summary.json,C:\Users\Kishan\Documents\University\Thesis\River-Matcher\experiment_results\cross_year_same_scale\2014e5_to_1955e5\discrete_frechet_distance\report.json,0d8d85833a7d95a220da405bc17dc634d3e9b2d06ac7b292def09240313a0596,3146.5062781402394
2014e5_to_1955e5__dynamic_time_warping_distance__rho_12_5,2014e5_to_1955e5,dynamic_time_warping_distance,additive,True,1274.5148516573697,51,74,2.838975534625852,8.778869870663023,13.28173966522882,13.28173966522882,17.22317367104554,21.33938520989194,63.73985011458204,12.41982337568968,0,0.0,74,"{""cost_distribution"":""2014e5_to_1955e5\\dynamic_time_warping_distance\\additive_cost_distribution.png"",""edge_details"":""2014e5_to_1955e5\\dynamic_time_warping_distance\\additive_best_median_positive_worst.png"",""overview"":""2014e5_to_1955e5\\dynamic_time_warping_distance\\additive_overview.png""}",2014e5_to_1955e5\dynamic_time_warping_distance\report.json,cross_year_same_scale,C:\Users\Kishan\Documents\University\Thesis\River-Matcher\experiment_results\cross_year_same_scale\suite_summary.json,C:\Users\Kishan\Documents\University\Thesis\River-Matcher\experiment_results\cross_year_same_scale\2014e5_to_1955e5\dynamic_time_warping_distance\report.json,089dccaf0587fb8f44a15d6b8721cc5da885e2cf171fb1bbb08bf296e577e966,1274.5148516573697
2014e5_to_1955e5__dynamic_time_warping_distance__rho_12_5,2014e5_to_1955e5,dynamic_time_warping_distance,bottleneck,True,56.95507772328108,51,74,5.456681641743141,14.8253697194533,21.97762274565541,21.97762274565541,23.97671676802091,32.65419242142002,56.95507772328108,12.346369554101006,0,0.0,74,"{""cost_distribution"":""2014e5_to_1955e5\\dynamic_time_warping_distance\\bottleneck_cost_distribution.png"",""edge_details"":""2014e5_to_1955e5\\dynamic_time_warping_distance\\bottleneck_best_median_positive_worst.png"",""overview"":""2014e5_to_1955e5\\dynamic_time_warping_distance\\bottleneck_overview.png""}",2014e5_to_1955e5\dynamic_time_warping_distance\report.json,cross_year_same_scale,C:\Users\Kishan\Documents\University\Thesis\River-Matcher\experiment_results\cross_year_same_scale\suite_summary.json,C:\Users\Kishan\Documents\University\Thesis\River-Matcher\experiment_results\cross_year_same_scale\2014e5_to_1955e5\dynamic_time_warping_distance\report.json,06059b844b1d8960fc701c4829abf470917f2ed2df1081de6511fc5b3882d6fc,1774.2770408335475
2014e5_to_1955e5__hausdorff_distance__rho_12_5,2014e5_to_1955e5,hausdorff_distance,additive,True,2075.543485851443,51,74,5.385164807134504,13.009601202601324,19.83247228513209,19.83247228513209,28.047884943938428,34.59246637223661,84.92938243034621,20.445839830826426,0,0.0,74,"{""cost_distribution"":""2014e5_to_1955e5\\hausdorff_distance\\additive_cost_distribution.png"",""edge_details"":""2014e5_to_1955e5\\hausdorff_distance\\additive_best_median_positive_worst.png"",""overview"":""2014e5_to_1955e5\\hausdorff_distance\\additive_overview.png""}",2014e5_to_1955e5\hausdorff_distance\report.json,cross_year_same_scale,C:\Users\Kishan\Documents\University\Thesis\River-Matcher\experiment_results\cross_year_same_scale\suite_summary.json,C:\Users\Kishan\Documents\University\Thesis\River-Matcher\experiment_results\cross_year_same_scale\2014e5_to_1955e5\hausdorff_distance\report.json,f86b99a416969a5e243c897ccffee181a6c1f22cc6f87f744741eceb22f9c7bb,2075.5434858514436
2014e5_to_1955e5__hausdorff_distance__rho_12_5,2014e5_to_1955e5,hausdorff_distance,bottleneck,True,84.92938243034621,51,74,9.055385138137417,20.406495802942715,36.242050830886285,36.242050830886285,40.20997446782387,55.66987252431068,84.92938243034621,21.10421007824464,0,0.0,74,"{""cost_distribution"":""2014e5_to_1955e5\\hausdorff_distance\\bottleneck_cost_distribution.png"",""edge_details"":""2014e5_to_1955e5\\hausdorff_distance\\bottleneck_best_median_positive_worst.png"",""overview"":""2014e5_to_1955e5\\hausdorff_distance\\bottleneck_overview.png""}",2014e5_to_1955e5\hausdorff_distance\report.json,cross_year_same_scale,C:\Users\Kishan\Documents\University\Thesis\River-Matcher\experiment_results\cross_year_same_scale\suite_summary.json,C:\Users\Kishan\Documents\University\Thesis\River-Matcher\experiment_results\cross_year_same_scale\2014e5_to_1955e5\hausdorff_distance\report.json,191963a553ffe90d18b8f19998f5cdd555c91c3e4ec4f0709275a48a45c153cb,2975.5381106189657
2014e5_to_1955e5__log_length_distortion__rho_12_5,2014e5_to_1955e5,log_length_distortion,additive,True,37.560163377723114,51,74,0.0,0.10538539368575622,0.3202280323752452,0.32742240110129506,0.5075697753746368,0.68802754772406,3.7316994512968646,0.6013448184811727,1,0.013513513513513514,73,"{""cost_distribution"":""2014e5_to_1955e5\\log_length_distortion\\additive_cost_distribution.png"",""edge_details"":""2014e5_to_1955e5\\log_length_distortion\\additive_best_median_positive_worst.png"",""overview"":""2014e5_to_1955e5\\log_length_distortion\\additive_overview.png""}",2014e5_to_1955e5\log_length_distortion\report.json,cross_year_same_scale,C:\Users\Kishan\Documents\University\Thesis\River-Matcher\experiment_results\cross_year_same_scale\suite_summary.json,C:\Users\Kishan\Documents\University\Thesis\River-Matcher\experiment_results\cross_year_same_scale\2014e5_to_1955e5\log_length_distortion\report.json,45cf45f8489c89fecd53b0d8e250a5ebd9682dd0208fe3df1e0435b5544806ed,37.560163377723114
2014e5_to_1955e5__log_length_distortion__rho_12_5,2014e5_to_1955e5,log_length_distortion,bottleneck,True,3.7316994512968646,51,74,0.01785761740000647,0.30922026995270574,0.7164071883773917,0.7164071883773917,0.866469391702723,1.1857925404406469,3.7316994512968646,0.7298436948221715,0,0.0,74,"{""cost_distribution"":""2014e5_to_1955e5\\log_length_distortion\\bottleneck_cost_distribution.png"",""edge_details"":""2014e5_to_1955e5\\log_length_distortion\\bottleneck_best_median_positive_worst.png"",""overview"":""2014e5_to_1955e5\\log_length_distortion\\bottleneck_overview.png""}",2014e5_to_1955e5\log_length_distortion\report.json,cross_year_same_scale,C:\Users\Kishan\Documents\University\Thesis\River-Matcher\experiment_results\cross_year_same_scale\suite_summary.json,C:\Users\Kishan\Documents\University\Thesis\River-Matcher\experiment_results\cross_year_same_scale\2014e5_to_1955e5\log_length_distortion\report.json,9a69c6ccc40c4455898f0097ac5033c5e75aa8b2930d0dfa0e5a66f38989d1fd,64.1187349860015
2014e5_to_1955e5__mean_distance_tangent__rho_12_5,2014e5_to_1955e5,mean_distance_tangent,additive,True,678.448334975591,51,74,1.8144664233971697,4.995663803796434,6.798633632925676,6.798633632925676,9.168220742913391,12.08938194803645,38.53293884596617,6.511284366091878,0,0.0,74,"{""cost_distribution"":""2014e5_to_1955e5\\mean_distance_tangent\\additive_cost_distribution.png"",""edge_details"":""2014e5_to_1955e5\\mean_distance_tangent\\additive_best_median_positive_worst.png"",""overview"":""2014e5_to_1955e5\\mean_distance_tangent\\additive_overview.png""}",2014e5_to_1955e5\mean_distance_tangent\report.json,cross_year_same_scale,C:\Users\Kishan\Documents\University\Thesis\River-Matcher\experiment_results\cross_year_same_scale\suite_summary.json,C:\Users\Kishan\Documents\University\Thesis\River-Matcher\experiment_results\cross_year_same_scale\2014e5_to_1955e5\mean_distance_tangent\report.json,da329325e8c46e882977ca9f84cbcfbfc572e1eb2c9e273c405e61ac325fa6cc,678.4483349755909
2014e5_to_1955e5__mean_distance_tangent__rho_12_5,2014e5_to_1955e5,mean_distance_tangent,bottleneck,True,24.206262949259425,51,74,3.01145696853959,6.766015210457692,11.563959994106614,11.563959994106614,11.7129728078986,15.460380084056302,24.206262949259425,5.765249989262362,0,0.0,74,"{""cost_distribution"":""2014e5_to_1955e5\\mean_distance_tangent\\bottleneck_cost_distribution.png"",""edge_details"":""2014e5_to_1955e5\\mean_distance_tangent\\bottleneck_best_median_positive_worst.png"",""overview"":""2014e5_to_1955e5\\mean_distance_tangent\\bottleneck_overview.png""}",2014e5_to_1955e5\mean_distance_tangent\report.json,cross_year_same_scale,C:\Users\Kishan\Documents\University\Thesis\River-Matcher\experiment_results\cross_year_same_scale\suite_summary.json,C:\Users\Kishan\Documents\University\Thesis\River-Matcher\experiment_results\cross_year_same_scale\2014e5_to_1955e5\mean_distance_tangent\report.json,04ecf60801076354e21e0efe3787edd93f4e744a85681397eb7233672cbb9f5b,866.7599877844964
2014e5_to_1955e5__relative_length_error__rho_12_5,2014e5_to_1955e5,relative_length_error,additive,True,93.34791008155504,51,74,0.014388489208633115,0.10522477693891552,0.3692676547515257,0.3692676547515257,1.2614582443453384,0.7971324122869488,40.75,4.788431077352259,0,0.0,74,"{""cost_distribution"":""2014e5_to_1955e5\\relative_length_error\\additive_cost_distribution.png"",""edge_details"":""2014e5_to_1955e5\\relative_length_error\\additive_best_median_positive_worst.png"",""overview"":""2014e5_to_1955e5\\relative_length_error\\additive_overview.png""}",2014e5_to_1955e5\relative_length_error\report.json,cross_year_same_scale,C:\Users\Kishan\Documents\University\Thesis\River-Matcher\experiment_results\cross_year_same_scale\suite_summary.json,C:\Users\Kishan\Documents\University\Thesis\River-Matcher\experiment_results\cross_year_same_scale\2014e5_to_1955e5\relative_length_error\report.json,d365e6a0220755d7c2a469de56985425f0bee2a122057381475f0c7b119b2fa4,93.34791008155504
2014e5_to_1955e5__relative_length_error__rho_12_5,2014e5_to_1955e5,relative_length_error,bottleneck,True,40.75,51,74,0.04347826086956519,0.3618080446037435,0.6313686313686314,0.6313686313686314,2.426740553390427,1.9545454545454546,40.75,6.44842828687512,0,0.0,74,"{""cost_distribution"":""2014e5_to_1955e5\\relative_length_error\\bottleneck_cost_distribution.png"",""edge_details"":""2014e5_to_1955e5\\relative_length_error\\bottleneck_best_median_positive_worst.png"",""overview"":""2014e5_to_1955e5\\relative_length_error\\bottleneck_overview.png""}",2014e5_to_1955e5\relative_length_error\report.json,cross_year_same_scale,C:\Users\Kishan\Documents\University\Thesis\River-Matcher\experiment_results\cross_year_same_scale\suite_summary.json,C:\Users\Kishan\Documents\University\Thesis\River-Matcher\experiment_results\cross_year_same_scale\2014e5_to_1955e5\relative_length_error\report.json,9fed709f8c7a06be267fd3c1567225e0d514ca6e1169ec42b4939e0f9920713f,179.5788009508916
2014e5_to_1955e5__symmetric_corridor_exceedance__rho_12_5,2014e5_to_1955e5,symmetric_corridor_exceedance,additive,True,23.91889014722137,51,74,0.0,0.03709182308338811,0.09698235166415789,0.14272136334911265,0.32322824523272126,0.42523908026444085,2.915088006662291,0.4844777439613188,5,0.06756756756756757,69,"{""cost_distribution"":""2014e5_to_1955e5\\symmetric_corridor_exceedance\\additive_cost_distribution.png"",""edge_details"":""2014e5_to_1955e5\\symmetric_corridor_exceedance\\additive_best_median_positive_worst.png"",""overview"":""2014e5_to_1955e5\\symmetric_corridor_exceedance\\additive_overview.png""}",2014e5_to_1955e5\symmetric_corridor_exceedance\report.json,cross_year_same_scale,C:\Users\Kishan\Documents\University\Thesis\River-Matcher\experiment_results\cross_year_same_scale\suite_summary.json,C:\Users\Kishan\Documents\University\Thesis\River-Matcher\experiment_results\cross_year_same_scale\2014e5_to_1955e5\symmetric_corridor_exceedance\report.json,c7bd58dbcec5ce95d96997becba26e52c1418b262a4eef8d3d4988fa5ddc7326,23.918890147221372
2014e5_to_1955e5__symmetric_corridor_exceedance__rho_12_5,2014e5_to_1955e5,symmetric_corridor_exceedance,bottleneck,True,1.609341791640779,51,74,0.0,0.11766153465406799,0.4087984307649057,0.4238184836363825,0.5159071058387897,0.7596780164934054,1.609341791640779,0.4610044757360029,1,0.013513513513513514,73,"{""cost_distribution"":""2014e5_to_1955e5\\symmetric_corridor_exceedance\\bottleneck_cost_distribution.png"",""edge_details"":""2014e5_to_1955e5\\symmetric_corridor_exceedance\\bottleneck_best_median_positive_worst.png"",""overview"":""2014e5_to_1955e5\\symmetric_corridor_exceedance\\bottleneck_overview.png""}",2014e5_to_1955e5\symmetric_corridor_exceedance\report.json,cross_year_same_scale,C:\Users\Kishan\Documents\University\Thesis\River-Matcher\experiment_results\cross_year_same_scale\suite_summary.json,C:\Users\Kishan\Documents\University\Thesis\River-Matcher\experiment_results\cross_year_same_scale\2014e5_to_1955e5\symmetric_corridor_exceedance\report.json,60e9d6cbef9c24e893e316ae9ada90cb145179f43a576f5cab18891548ddd652,38.17712583207044
2014e5_to_2014e3__discrete_frechet_distance__rho_10_0,2014e5_to_2014e3,discrete_frechet_distance,additive,True,60.384071246302604,51,74,0.0,0.0,0.0,7.87749464576553,0.8160009627878729,0.0,10.474566973769459,2.4657795171175407,66,0.8918918918918919,8,"{""cost_distribution"":""2014e5_to_2014e3\\discrete_frechet_distance\\additive_cost_distribution.png"",""edge_details"":""2014e5_to_2014e3\\discrete_frechet_distance\\additive_best_median_positive_worst.png"",""overview"":""2014e5_to_2014e3\\discrete_frechet_distance\\additive_overview.png""}",2014e5_to_2014e3\discrete_frechet_distance\report.json,confirmed_pairs,C:\Users\Kishan\Documents\University\Thesis\River-Matcher\experiment_results\confirmed_pairs\suite_summary.json,C:\Users\Kishan\Documents\University\Thesis\River-Matcher\experiment_results\confirmed_pairs\2014e5_to_2014e3\discrete_frechet_distance\report.json,3e8896a657d51e85f03eb1d0ea5f03fba1247f71768a8681fbb17fc9f7b3c34e,60.384071246302604
2014e5_to_2014e3__discrete_frechet_distance__rho_10_0,2014e5_to_2014e3,discrete_frechet_distance,bottleneck,True,10.413666234542209,51,74,0.0,2.8284271247461903,6.324555320336759,7.211102550927978,5.210041428013019,8.06225774829855,10.413666234542209,3.3983812585673197,17,0.22972972972972974,57,"{""cost_distribution"":""2014e5_to_2014e3\\discrete_frechet_distance\\bottleneck_cost_distribution.png"",""edge_details"":""2014e5_to_2014e3\\discrete_frechet_distance\\bottleneck_best_median_positive_worst.png"",""overview"":""2014e5_to_2014e3\\discrete_frechet_distance\\bottleneck_overview.png""}",2014e5_to_2014e3\discrete_frechet_distance\report.json,confirmed_pairs,C:\Users\Kishan\Documents\University\Thesis\River-Matcher\experiment_results\confirmed_pairs\suite_summary.json,C:\Users\Kishan\Documents\University\Thesis\River-Matcher\experiment_results\confirmed_pairs\2014e5_to_2014e3\discrete_frechet_distance\report.json,7fcc104a02cc377bae3a12a81d081db184922910164ae1e6e727a08ea407f44f,385.54306567296345
2014e5_to_2014e3__dynamic_time_warping_distance__rho_10_0,2014e5_to_2014e3,dynamic_time_warping_distance,additive,True,22.50345302695367,51,74,0.0,0.0,0.0,3.160946752901653,0.304100716580455,0.0,3.9595497685332948,0.9455652020131604,66,0.8918918918918919,8,"{""cost_distribution"":""2014e5_to_2014e3\\dynamic_time_warping_distance\\additive_cost_distribution.png"",""edge_details"":""2014e5_to_2014e3\\dynamic_time_warping_distance\\additive_best_median_positive_worst.png"",""overview"":""2014e5_to_2014e3\\dynamic_time_warping_distance\\additive_overview.png""}",2014e5_to_2014e3\dynamic_time_warping_distance\report.json,confirmed_pairs,C:\Users\Kishan\Documents\University\Thesis\River-Matcher\experiment_results\confirmed_pairs\suite_summary.json,C:\Users\Kishan\Documents\University\Thesis\River-Matcher\experiment_results\confirmed_pairs\2014e5_to_2014e3\dynamic_time_warping_distance\report.json,3e8896a657d51e85f03eb1d0ea5f03fba1247f71768a8681fbb17fc9f7b3c34e,22.503453026953668
2014e5_to_2014e3__dynamic_time_warping_distance__rho_10_0,2014e5_to_2014e3,dynamic_time_warping_distance,bottleneck,True,3.9595497685332948,51,74,0.0,0.0,0.0,1.895321828228364,0.7792887534519568,1.088714166247734,3.9595497685332948,1.1814100757020491,45,0.6081081081081081,29,"{""cost_distribution"":""2014e5_to_2014e3\\dynamic_time_warping_distance\\bottleneck_cost_distribution.png"",""edge_details"":""2014e5_to_2014e3\\dynamic_time_warping_distance\\bottleneck_best_median_positive_worst.png"",""overview"":""2014e5_to_2014e3\\dynamic_time_warping_distance\\bottleneck_overview.png""}",2014e5_to_2014e3\dynamic_time_warping_distance\report.json,confirmed_pairs,C:\Users\Kishan\Documents\University\Thesis\River-Matcher\experiment_results\confirmed_pairs\suite_summary.json,C:\Users\Kishan\Documents\University\Thesis\River-Matcher\experiment_results\confirmed_pairs\2014e5_to_2014e3\dynamic_time_warping_distance\report.json,b9a31f27a7cdf8c8bcee19b66a7c482c85cfe449899c63c69ff18e50329d3873,57.66736775544479
2014e5_to_2014e3__hausdorff_distance__rho_10_0,2014e5_to_2014e3,hausdorff_distance,additive,True,59.37520694654951,51,74,0.0,0.0,0.0,7.615773105863909,0.8023676614398582,0.0,10.63014581273465,2.411569114774651,66,0.8918918918918919,8,"{""cost_distribution"":""2014e5_to_2014e3\\hausdorff_distance\\additive_cost_distribution.png"",""edge_details"":""2014e5_to_2014e3\\hausdorff_distance\\additive_best_median_positive_worst.png"",""overview"":""2014e5_to_2014e3\\hausdorff_distance\\additive_overview.png""}",2014e5_to_2014e3\hausdorff_distance\report.json,confirmed_pairs,C:\Users\Kishan\Documents\University\Thesis\River-Matcher\experiment_results\confirmed_pairs\suite_summary.json,C:\Users\Kishan\Documents\University\Thesis\River-Matcher\experiment_results\confirmed_pairs\2014e5_to_2014e3\hausdorff_distance\report.json,3e8896a657d51e85f03eb1d0ea5f03fba1247f71768a8681fbb17fc9f7b3c34e,59.375206946549504
2014e5_to_2014e3__hausdorff_distance__rho_10_0,2014e5_to_2014e3,hausdorff_distance,bottleneck,True,10.63014581273465,51,74,0.0,0.0,6.0,7.035533905932738,4.613561847967644,7.810249675906654,10.63014581273465,3.5181258131481785,22,0.2972972972972973,52,"{""cost_distribution"":""2014e5_to_2014e3\\hausdorff_distance\\bottleneck_cost_distribution.png"",""edge_details"":""2014e5_to_2014e3\\hausdorff_distance\\bottleneck_best_median_positive_worst.png"",""overview"":""2014e5_to_2014e3\\hausdorff_distance\\bottleneck_overview.png""}",2014e5_to_2014e3\hausdorff_distance\report.json,confirmed_pairs,C:\Users\Kishan\Documents\University\Thesis\River-Matcher\experiment_results\confirmed_pairs\suite_summary.json,C:\Users\Kishan\Documents\University\Thesis\River-Matcher\experiment_results\confirmed_pairs\2014e5_to_2014e3\hausdorff_distance\report.json,5a52a02aebdedc9244c89502d589139fa741d2f15468be6af446958a3ba72485,341.4035767496057
2014e5_to_2014e3__log_length_distortion__rho_10_0,2014e5_to_2014e3,log_length_distortion,additive,True,2.070730693045043,51,74,0.0,0.0,0.0,0.06957445475123045,0.02798284720331139,0.0,0.3718741636721289,0.0722330048146138,56,0.7567567567567568,18,"{""cost_distribution"":""2014e5_to_2014e3\\log_length_distortion\\additive_cost_distribution.png"",""edge_details"":""2014e5_to_2014e3\\log_length_distortion\\additive_best_median_positive_worst.png"",""overview"":""2014e5_to_2014e3\\log_length_distortion\\additive_overview.png""}",2014e5_to_2014e3\log_length_distortion\report.json,confirmed_pairs,C:\Users\Kishan\Documents\University\Thesis\River-Matcher\experiment_results\confirmed_pairs\suite_summary.json,C:\Users\Kishan\Documents\University\Thesis\River-Matcher\experiment_results\confirmed_pairs\2014e5_to_2014e3\log_length_distortion\report.json,2fc548fbe1c51a5d8fa7025800b97ee8d1ddd1a48bbcc0ab5f26a25d3eb2479d,2.070730693045043
2014e5_to_2014e3__log_length_distortion__rho_10_0,2014e5_to_2014e3,log_length_distortion,bottleneck,True,0.2676413215683348,51,74,0.0,0.0,0.07410797215372183,0.11226730187108121,0.07788713617636076,0.12666213626814182,0.2676413215683348,0.06894831581567387,21,0.28378378378378377,53,"{""cost_distribution"":""2014e5_to_2014e3\\log_length_distortion\\bottleneck_cost_distribution.png"",""edge_details"":""2014e5_to_2014e3\\log_length_distortion\\bottleneck_best_median_positive_worst.png"",""overview"":""2014e5_to_2014e3\\log_length_distortion\\bottleneck_overview.png""}",2014e5_to_2014e3\log_length_distortion\report.json,confirmed_pairs,C:\Users\Kishan\Documents\University\Thesis\River-Matcher\experiment_results\confirmed_pairs\suite_summary.json,C:\Users\Kishan\Documents\University\Thesis\River-Matcher\experiment_results\confirmed_pairs\2014e5_to_2014e3\log_length_distortion\report.json,a82b8b1fed935f9d261d8a49eb153cff10a587d83ac57ef1a03764db88d0c196,5.763648077050697
2014e5_to_2014e3__mean_distance_tangent__rho_10_0,2014e5_to_2014e3,mean_distance_tangent,additive,True,8.521050299465983,51,74,0.0,0.0,0.0,0.023437500000000007,0.11514932837116196,0.015625000000000003,1.7046210250274694,0.3635292028355797,48,0.6486486486486487,26,"{""cost_distribution"":""2014e5_to_2014e3\\mean_distance_tangent\\additive_cost_distribution.png"",""edge_details"":""2014e5_to_2014e3\\mean_distance_tangent\\additive_best_median_positive_worst.png"",""overview"":""2014e5_to_2014e3\\mean_distance_tangent\\additive_overview.png""}",2014e5_to_2014e3\mean_distance_tangent\report.json,confirmed_pairs,C:\Users\Kishan\Documents\University\Thesis\River-Matcher\experiment_results\confirmed_pairs\suite_summary.json,C:\Users\Kishan\Documents\University\Thesis\River-Matcher\experiment_results\confirmed_pairs\2014e5_to_2014e3\mean_distance_tangent\report.json,faabd718c162c729e7d8be3a8da3f76b6c7027a3cf5479f276124927c5c107b5,8.521050299465983
2014e5_to_2014e3__mean_distance_tangent__rho_10_0,2014e5_to_2014e3,mean_distance_tangent,bottleneck,True,1.7046210250274694,51,74,0.0,0.015625000000000003,0.2921966844794155,0.4761048768161634,0.4387424637515492,0.7434323330386647,1.7046210250274694,0.4680231415780579,17,0.22972972972972974,57,"{""cost_distribution"":""2014e5_to_2014e3\\mean_distance_tangent\\bottleneck_cost_distribution.png"",""edge_details"":""2014e5_to_2014e3\\mean_distance_tangent\\bottleneck_best_median_positive_worst.png"",""overview"":""2014e5_to_2014e3\\mean_distance_tangent\\bottleneck_overview.png""}",2014e5_to_2014e3\mean_distance_tangent\report.json,confirmed_pairs,C:\Users\Kishan\Documents\University\Thesis\River-Matcher\experiment_results\confirmed_pairs\suite_summary.json,C:\Users\Kishan\Documents\University\Thesis\River-Matcher\experiment_results\confirmed_pairs\2014e5_to_2014e3\mean_distance_tangent\report.json,ba8df31cc926bf97b5838df824f113053a516697276176200ea83def07986e53,32.46694231761464
2014e5_to_2014e3__relative_length_error__rho_10_0,2014e5_to_2014e3,relative_length_error,additive,True,1.8758868395937165,51,74,0.0,0.0,0.0,0.061275199249882784,0.025349822156671843,0.0,0.34782608695652173,0.06336623703800391,56,0.7567567567567568,18,"{""cost_distribution"":""2014e5_to_2014e3\\relative_length_error\\additive_cost_distribution.png"",""edge_details"":""2014e5_to_2014e3\\relative_length_error\\additive_best_median_positive_worst.png"",""overview"":""2014e5_to_2014e3\\relative_length_error\\additive_overview.png""}",2014e5_to_2014e3\relative_length_error\report.json,confirmed_pairs,C:\Users\Kishan\Documents\University\Thesis\River-Matcher\experiment_results\confirmed_pairs\suite_summary.json,C:\Users\Kishan\Documents\University\Thesis\River-Matcher\experiment_results\confirmed_pairs\2014e5_to_2014e3\relative_length_error\report.json,2ebde625c065b0dafa6e7a5256d830f405b4dfe86260c00863dc94d23dcaac85,1.8758868395937167
2014e5_to_2014e3__relative_length_error__rho_10_0,2014e5_to_2014e3,relative_length_error,bottleneck,True,0.23481781376518218,51,74,0.0,0.0,0.07171428571428573,0.11320007455036812,0.07756890784109022,0.13424947145877378,0.23481781376518218,0.07060396623321309,22,0.2972972972972973,52,"{""cost_distribution"":""2014e5_to_2014e3\\relative_length_error\\bottleneck_cost_distribution.png"",""edge_details"":""2014e5_to_2014e3\\relative_length_error\\bottleneck_best_median_positive_worst.png"",""overview"":""2014e5_to_2014e3\\relative_length_error\\bottleneck_overview.png""}",2014e5_to_2014e3\relative_length_error\report.json,confirmed_pairs,C:\Users\Kishan\Documents\University\Thesis\River-Matcher\experiment_results\confirmed_pairs\suite_summary.json,C:\Users\Kishan\Documents\University\Thesis\River-Matcher\experiment_results\confirmed_pairs\2014e5_to_2014e3\relative_length_error\report.json,4615b3234d7137eeb2aa44e1388a61cc6da60474921dd074fe1bcaaa239303ed,5.740099180240677
2014e5_to_2014e3__symmetric_corridor_exceedance__rho_10_0,2014e5_to_2014e3,symmetric_corridor_exceedance,additive,True,0.0002433403717047259,51,74,0.0,0.0,0.0,0.0002433403717047259,3.288383401415215e-06,0.0,0.0002433403717047259,2.8095960097731604e-05,73,0.9864864864864865,1,"{""cost_distribution"":""2014e5_to_2014e3\\symmetric_corridor_exceedance\\additive_cost_distribution.png"",""edge_details"":""2014e5_to_2014e3\\symmetric_corridor_exceedance\\additive_best_median_positive_worst.png"",""overview"":""2014e5_to_2014e3\\symmetric_corridor_exceedance\\additive_overview.png""}",2014e5_to_2014e3\symmetric_corridor_exceedance\report.json,confirmed_pairs,C:\Users\Kishan\Documents\University\Thesis\River-Matcher\experiment_results\confirmed_pairs\suite_summary.json,C:\Users\Kishan\Documents\University\Thesis\River-Matcher\experiment_results\confirmed_pairs\2014e5_to_2014e3\symmetric_corridor_exceedance\report.json,88a7804c6fdb1b40bc9ec76d210b7e80a66eb30446f1d68c0b2ec1137cc834a7,0.0002433403717047259
2014e5_to_2014e3__symmetric_corridor_exceedance__rho_10_0,2014e5_to_2014e3,symmetric_corridor_exceedance,bottleneck,True,0.0002433403717047259,51,74,0.0,0.0,0.0,0.0002433403717047259,3.288383401415215e-06,0.0,0.0002433403717047259,2.8095960097731604e-05,73,0.9864864864864865,1,"{""cost_distribution"":""2014e5_to_2014e3\\symmetric_corridor_exceedance\\bottleneck_cost_distribution.png"",""edge_details"":""2014e5_to_2014e3\\symmetric_corridor_exceedance\\bottleneck_best_median_positive_worst.png"",""overview"":""2014e5_to_2014e3\\symmetric_corridor_exceedance\\bottleneck_overview.png""}",2014e5_to_2014e3\symmetric_corridor_exceedance\report.json,confirmed_pairs,C:\Users\Kishan\Documents\University\Thesis\River-Matcher\experiment_results\confirmed_pairs\suite_summary.json,C:\Users\Kishan\Documents\University\Thesis\River-Matcher\experiment_results\confirmed_pairs\2014e5_to_2014e3\symmetric_corridor_exceedance\report.json,88a7804c6fdb1b40bc9ec76d210b7e80a66eb30446f1d68c0b2ec1137cc834a7,0.0002433403717047259
